t_ms,fps,hero_x,hero_y,hero_units_per_sec,steps,interp_alpha
25280.4,9.26625,8008,18885,0,0,0
27317.4,0.490904,8650,5050,6798.97,5,0
27362.8,22.0578,8650,5050,6650.95,1,0.133388
27377.9,66.0581,8650,5050,6602.95,0,0.511842
27391.7,72.6712,8650,5050,6559.91,0,0.855857
27405.6,71.8582,8650,5050,6516.96,1,0.203765
27422.3,59.6865,8650,5050,6465.98,0,0.62262
27438.9,60.3774,8650,5050,6416.37,1,0.0366825
27455,62.3142,8650,5050,6369.02,0,0.437875
27473.4,54.3254,8650,5050,6315.56,0,0.898065
27490.1,59.7561,8650,5050,6267.73,1,0.316433
27505.5,64.8336,8650,5050,6224.28,0,0.702035
27523.7,54.9001,8650,5050,6173.74,1,0.157408
27539.4,63.769,8650,5050,6130.89,0,0.549447
27554.3,67.2016,8650,5050,6090.77,0,0.921462
27571,59.78,8650,5050,6046.29,1,0.339662
27587.3,61.5063,8650,5050,6003.67,0,0.746125
27602.9,64.0475,8650,5050,5963.31,1,0.13646
27619.8,59.2056,8650,5050,5920.26,0,0.558717
27636.2,60.9269,8650,5050,5879.01,0,0.969045
27653.5,57.7507,8650,5050,5836.12,1,0.40194
27667.8,70.0977,8650,5050,5801.24,0,0.758585
27688.8,47.5656,8650,5050,5750.6,1,0.284175
27705.5,59.9599,8650,5050,5711.05,0,0.70112
27723.2,56.5307,8650,5050,5669.7,1,0.143358
27739.8,59.9589,8650,5050,5631.25,0,0.56031
27755.6,63.3862,8650,5050,5595.36,0,0.954718
27774.5,52.8997,8650,5050,5552.95,1,0.42731
27792,57.3766,8650,5050,5514.42,0,0.863028
27807.3,64.992,8650,5050,5480.84,1,0.24769
27823.9,60.3468,8650,5050,5445.13,0,0.661963
27840.8,59.2007,8650,5050,5409.21,1,0.084255
27856.4,64.2859,8650,5050,5376.55,0,0.473143
27873.4,58.5875,8650,5050,5341.15,0,0.899855
27888.3,67.1795,8650,5050,5310.67,1,0.271993
27905.1,59.4884,8650,5050,5276.66,0,0.692243
27927.5,44.6999,8650,5050,5232.06,1,0.251527
27944,60.416,8650,5050,5199.55,0,0.665325
27960.2,61.8269,8650,5050,5168.17,1,0.06968
27976.5,61.2764,8650,5050,5136.89,0,0.477668
27993.2,60.2083,8650,5050,5105.44,0,0.892892
28009.8,60.0951,8650,5050,5074.31,1,0.3089
28026.4,60.1768,8650,5050,5043.6,0,0.724343
28043.2,59.6314,8650,5050,5012.99,1,0.143585
28059.9,59.8781,8650,5050,4982.87,0,0.5611
28076.4,60.3908,8650,5050,4953.36,0,0.97507
28093,60.2631,8650,5050,4924.14,1,0.389917
28109.8,59.8115,8650,5050,4895.04,0,0.807898
28132.9,43.2189,8650,5050,4855.33,1,0.386348
28143.2,97.2592,8650,5050,4837.89,0,0.643393
28160.5,57.5669,8650,5050,4808.72,1,0.07767
28955.3,1.2582,8650,5050,3768.73,5,0
28976.7,46.7071,8650,5050,3746.9,0,0.53525
28990.7,71.7618,8650,5050,3732.83,0,0.883625
29006.6,62.7325,8650,5050,3716.86,1,0.282142
29022,64.8365,8650,5050,3701.54,0,0.667727
29035.5,74.3064,8650,5050,3688.27,1,0.0041725
29050.7,65.9487,8650,5050,3673.44,0,0.383255
29067.4,59.6812,8650,5050,3657.19,0,0.802148
29084.1,59.9398,8650,5050,3641.15,1,0.219232
29100.8,60.042,8650,5050,3625.27,0,0.635607
29117.4,59.9459,8650,5050,3609.51,1,0.05265
29134.1,59.9538,8650,5050,3593.89,0,0.469638
29150.7,60.146,8650,5050,3578.45,0,0.885292
29167.5,59.8326,8650,5050,3563.06,1,0.303125
29184.1,60.2384,8650,5050,3547.91,0,0.718143
29200.7,59.8964,8650,5050,3532.8,1,0.13553
29217.4,60.0702,8650,5050,3517.86,0,0.55171
29234.1,59.9837,8650,5050,3503.03,0,0.96849
29250.8,59.8648,8650,5050,3488.29,1,0.386097
29267.4,60.0164,8650,5050,3473.72,0,0.80265
29284.1,59.956,8650,5050,3459.24,1,0.219622
29300.9,59.4541,8650,5050,3444.77,0,0.640115
29318.8,55.9165,8650,5050,3429.52,1,0.08721
29335.5,59.905,8650,5050,3415.4,0,0.504538
29351.1,64.1671,8650,5050,3402.32,0,0.894145
29367.4,61.2632,8650,5050,3388.74,1,0.30222
29384.1,59.8827,8650,5050,3374.95,0,0.719702
29401,59.0629,8650,5050,3361.08,1,0.14298
29417.9,59.3539,8650,5050,3347.39,0,0.564183
29434.1,61.5889,8650,5050,3334.31,0,0.9701
29450.8,59.9686,8650,5050,3320.98,1,0.386985
29467.6,59.5192,8650,5050,3307.65,0,0.807018
29500.7,30.2012,8650,5050,3281.7,1,0.6348
29515.7,66.7383,8650,5050,3270.09,1,0.0093975
29530.5,67.5644,8650,5050,3258.7,0,0.379415
29554.9,40.9329,8650,5050,3240.08,0,0.99017
29571.8,59.3831,8650,5050,3227.36,1,0.411165
29587.1,65.3689,8650,5050,3215.9,0,0.79361
29600.7,73.2853,8650,5050,3205.74,1,0.134742
29617.4,59.8738,8650,5050,3193.4,0,0.552288
29634.1,60.02,8650,5050,3181.18,0,0.968815
29650.8,59.9115,8650,5050,3169.03,1,0.386097
29667.4,60.1001,8650,5050,3157.01,0,0.80207
29684.1,59.8731,8650,5050,3145.03,1,0.21962
29717.4,30.041,8650,5050,3121.44,1,0.051815
29732.7,65.3185,8650,5050,3110.71,0,0.434555
29745.9,75.8029,8650,5050,3101.52,0,0.764358
29759.2,74.9603,8650,5050,3092.28,1,0.0978675
29776.1,59.2021,8650,5050,3080.66,0,0.52015
29790.3,70.4374,8650,5050,3070.96,0,0.875075
29804.8,69.0942,8650,5050,3061.14,1,0.2369
29825.2,49.0247,8650,5050,3047.4,0,0.746848
29841.1,62.8812,8650,5050,3036.77,1,0.144423
29866,40.2248,8650,5050,3020.31,0,0.76593
29882.1,61.9967,8650,5050,3009.72,1,0.169178
29904,45.6186,8650,5050,2995.45,0,0.7172
29918.3,69.8827,8650,5050,2986.21,1,0.0749425
29934.2,63.1588,8650,5050,2976.05,0,0.47077
29950.7,60.4664,8650,5050,2965.51,0,0.884223
29967.5,59.5309,8650,5050,2954.89,1,0.304172
29985.1,56.7543,8650,5050,2943.82,0,0.744667
30001.8,60.0539,8650,5050,2933.44,1,0.16096
30018.4,59.9711,8650,5050,2923.11,0,0.577828
30050.7,30.9533,8650,5050,2903.32,1,0.385495
30065,70.14,8650,5050,2894.67,0,0.741925
30079.5,69.1429,8650,5050,2885.94,1,0.103495
30095.4,62.9592,8650,5050,2876.42,0,0.500578
30109.7,69.4594,8650,5050,2867.85,0,0.8605
30143,30.0474,8650,5050,2848.22,1,0.69252
30161.4,54.431,8650,5050,2837.5,1,0.151818
30307.7,6.83738,8650,5050,2754.95,3,0.808187
30329.3,46.2991,8650,5050,2743.16,1,0.348155
30347.4,55.223,8650,5050,2733.36,0,0.800865
30362,68.1682,8650,5050,2725.47,1,0.167605
30380.5,54.09,8650,5050,2715.59,0,0.629798
30397,60.7423,8650,5050,2706.85,1,0.0413725
30413.6,60.3253,8650,5050,2698.11,0,0.455792
30429.2,64.1338,8650,5050,2689.94,0,0.845603
30445.8,59.988,8650,5050,2681.26,1,0.262352
30461.5,63.8297,8650,5050,2673.15,0,0.65402
30476,68.7578,8650,5050,2665.67,1,0.017615
30492.6,60.393,8650,5050,2657.2,0,0.43157
30506.8,70.5582,8650,5050,2649.99,0,0.785887
30521.9,65.967,8650,5050,2642.33,1,0.164865
30539,58.5172,8650,5050,2633.74,0,0.59209
30553.3,70.0663,8650,5050,2626.62,0,0.948895
30584.2,32.3877,8650,5050,2611.32,1,0.720792
30600.2,62.3119,8650,5050,2603.45,1,0.122
30615.3,66.1091,8650,5050,2596.07,0,0.500162
30628.2,77.499,8650,5050,2589.8,0,0.822748
30642.3,71.2291,8650,5050,2583.02,1,0.173727
30657.5,65.6134,8650,5050,2575.7,0,0.554748
30671.9,69.7642,8650,5050,2568.85,0,0.913098
30685.9,70.9567,8650,5050,2562.15,1,0.265425
30701.6,64.0783,8650,5050,2554.78,0,0.655572
30717.4,62.9529,8650,5050,2547.31,1,0.052695
30734.1,60.1486,8650,5050,2539.55,0,0.468332
30750.9,59.2677,8650,5050,2531.72,0,0.890148
30767.3,60.9637,8650,5050,2524.15,1,0.300227
30784,59.9679,8650,5050,2516.5,0,0.717117
30800.7,59.7925,8650,5050,2508.88,1,0.13523
30834.2,29.8728,8650,5050,2493.75,0,0.972112
30849.2,66.7704,8650,5050,2487.05,1,0.34653
30864.7,64.3994,8650,5050,2480.13,0,0.734733
30879.2,69.1477,8650,5050,2473.72,1,0.0962775
30893.4,70.0845,8650,5050,2467.44,0,0.45299
30907,73.8362,8650,5050,2461.5,0,0.791578
30920.8,72.1959,8650,5050,2455.45,1,0.137857
30945,41.4238,8650,5050,2444.99,0,0.741375
30967.6,44.1295,8650,5050,2435.25,1,0.30789
30982.9,65.6616,8650,5050,2428.74,0,0.68863
30994.8,83.783,8650,5050,2423.67,0,0.98702
31008.1,75.2366,8650,5050,2418.05,1,0.319305
31023.8,63.8354,8650,5050,2411.45,0,0.710938
31039.1,65.1878,8650,5050,2405.03,1,0.094445
31054.8,63.6687,8650,5050,2398.49,0,0.487103
31070,65.8458,8650,5050,2392.19,0,0.866777
31084,71.5871,8650,5050,2386.44,1,0.216002
31100.7,59.8433,8650,5050,2379.58,0,0.63376
31117.3,60.1446,8650,5050,2372.81,1,0.049425
31134,59.9776,8650,5050,2366.05,0,0.466247
31150.7,59.867,8650,5050,2359.31,0,0.88384
31167.4,59.7222,8650,5050,2352.6,1,0.302445
31184,60.3351,8650,5050,2346,0,0.716797
31200.6,60.2148,8650,5050,2339.42,1,0.131977
31217.3,59.7954,8650,5050,2332.83,0,0.55007
31234.4,58.6937,8650,5050,2326.15,0,0.97601
31250.8,60.7294,8650,5050,2319.74,1,0.387673
31267.3,60.7294,8650,5050,2313.36,0,0.799335
31284,59.9082,8650,5050,2306.93,1,0.21664
31300.8,59.4304,8650,5050,2300.48,0,0.6373
31317.6,59.4315,8650,5050,2294.07,1,0.0579525
31334,61.078,8650,5050,2287.86,0,0.467265
31350.7,60.0028,8650,5050,2281.58,0,0.883913
31367.4,59.7472,8650,5050,2275.31,1,0.302343
31384.3,59.2329,8650,5050,2269.01,0,0.724405
31401.4,58.3288,8650,5050,2262.66,1,0.15301
31419,56.856,8650,5050,2256.18,0,0.592718
31434.1,66.2884,8650,5050,2250.64,0,0.969858
31450.8,59.974,8650,5050,2244.56,1,0.386705
31467.4,60.179,8650,5050,2238.53,0,0.802132
31484,60.1536,8650,5050,2232.54,1,0.217735
31503.3,51.9591,8650,5050,2225.63,0,0.698883
31518.3,66.7401,8650,5050,2220.29,1,0.07347
31534.1,63.1289,8650,5050,2214.66,0,0.469485
31550.8,59.8652,8650,5050,2208.76,0,0.88709
31567.4,60.2744,8650,5050,2202.93,1,0.30186
31584,60.0777,8650,5050,2197.12,0,0.717987
31601.2,58.1649,8650,5050,2191.14,1,0.1478
31634.6,30.0179,8650,5050,2179.65,0,0.980637
31648.2,73.0615,8650,5050,2174.97,1,0.322815
31664,63.6367,8650,5050,2169.61,0,0.71567
31678,71.0333,8650,5050,2164.84,1,0.0676175
31695.8,56.4054,8650,5050,2158.86,0,0.510837
31728.1,30.907,8650,5050,2148.02,1,0.319715
31745.5,57.5818,8650,5050,2142.25,0,0.75388
31907,6.19132,8650,5050,2090.04,4,0.791793
31927.4,48.991,8650,5050,2083.62,1,0.30209
31943.1,63.806,8650,5050,2078.72,0,0.693902
31957.3,70.4419,8650,5050,2074.3,1,0.048805
31972.7,64.8572,8650,5050,2069.52,0,0.434267
31986.6,71.7386,8650,5050,2065.22,0,0.782755
32000.9,70.2953,8650,5050,2060.85,1,0.138397
32034.4,29.7905,8650,5050,2050.6,0,0.97759
32050,64.0525,8650,5050,2045.88,1,0.367895
32065.9,62.8662,8650,5050,2041.08,0,0.765565
32079.4,74.2302,8650,5050,2037.04,1,0.102355
32094.5,66.4134,8650,5050,2032.53,0,0.478785
32110.3,63.0235,8650,5050,2027.81,0,0.875462
32123.7,74.8794,8650,5050,2023.85,1,0.209332
32153,34.1398,8650,5050,2015.23,0,0.941615
32176.9,41.9136,8650,5050,2008.26,1,0.53808
32192.5,63.7666,8650,5050,2003.7,0,0.930135
32206.2,72.9102,8650,5050,1999.73,1,0.273023
32222.2,62.7593,8650,5050,1995.14,0,0.67137
32238.6,60.7327,8650,5050,1990.42,1,0.08301
32254.8,62.0705,8650,5050,1985.82,0,0.485777
32268.6,72.3301,8650,5050,1981.9,0,0.831415
32284.1,64.3811,8650,5050,1977.5,1,0.219728
32317.5,29.9643,8650,5050,1968.12,1,0.054055
32333.7,61.6223,8650,5050,1963.59,0,0.459753
32388.1,18.4032,8650,5050,1948.58,1,0.818213
32405.5,57.4251,8650,5050,1943.82,1,0.253563
32420.7,65.8302,8650,5050,1939.68,0,0.633327
32436,65.2712,8650,5050,1935.53,1,0.016345
32451.6,64.1034,8650,5050,1931.32,0,0.40634
32467.2,63.8447,8650,5050,1927.11,0,0.797915
32483.9,60.0208,8650,5050,1922.65,1,0.214437
32500.6,59.8638,8650,5050,1918.21,0,0.632052
32517.4,59.5802,8650,5050,1913.76,1,0.051655
32534.2,59.6612,8650,5050,1909.34,0,0.470688
32549.6,64.9102,8650,5050,1905.29,0,0.855835
32564.4,67.2916,8650,5050,1901.4,1,0.227352
32582.4,55.6372,8650,5050,1896.72,0,0.676692
32595.4,77.0013,8650,5050,1893.35,1,0.0013625
32611.6,61.841,8650,5050,1889.18,0,0.405625
32626.4,67.2997,8650,5050,1885.36,0,0.777098
32641.3,67.2115,8650,5050,1881.55,1,0.149057
32657,63.5829,8650,5050,1877.53,0,0.542245
32671.4,69.6321,8650,5050,1873.89,0,0.901275
32685.4,71.4464,8650,5050,1870.34,1,0.251188
32704.1,53.2972,8650,5050,1865.62,0,0.720255
32717,77.6271,8650,5050,1862.39,1,0.0423075
32731.5,68.8444,8650,5050,1858.75,0,0.405445
32745.3,72.9347,8650,5050,1855.34,0,0.748218
32758.6,74.852,8650,5050,1852.03,1,0.08221
32775.1,60.7581,8650,5050,1847.96,0,0.493677
32787.7,79.3084,8650,5050,1844.86,0,0.808903
32801.6,72.0202,8650,5050,1841.45,1,0.156027
32816.5,66.9523,8650,5050,1837.8,0,0.529428
32831.3,67.4491,8650,5050,1834.19,0,0.900078
32846.3,66.9259,8650,5050,1830.57,1,0.273625
32861.5,65.6711,8650,5050,1826.89,0,0.65431
32874.9,74.662,8650,5050,1823.67,0,0.989152
32889.3,69.5526,8650,5050,1820.22,1,0.348592
32904,67.7158,8650,5050,1816.7,0,0.717782
32919.4,65.1835,8650,5050,1813.05,1,0.101315
32936.7,57.7367,8650,5050,1808.95,0,0.534315
32950.6,71.7267,8650,5050,1805.66,0,0.88286
32964.1,74.4524,8650,5050,1802.5,1,0.218645
32979.2,65.9657,8650,5050,1798.95,0,0.59763
32993.2,71.4914,8650,5050,1795.69,0,0.947322
33007.6,69.4203,8650,5050,1792.34,1,0.307447
33022.8,66.0572,8650,5050,1788.84,0,0.685907
33036.3,73.8842,8650,5050,1785.72,1,0.024275
33051.2,67.1132,8650,5050,1782.29,0,0.39678
33064.1,77.403,8650,5050,1779.34,0,0.719765
33077.4,75.3369,8650,5050,1776.31,1,0.0516075
33094.6,58.1717,8650,5050,1772.4,0,0.48137
33109,69.4777,8650,5050,1769.14,0,0.841197
33126.7,56.2765,8650,5050,1765.13,1,0.285432
33142,65.4815,8650,5050,1761.71,0,0.66722
33156.7,68.1649,8650,5050,1758.42,1,0.0339775
33171.4,68.0666,8650,5050,1755.15,0,0.401265
33184.6,75.4381,8650,5050,1752.21,0,0.732662
33200.7,62.096,8650,5050,1748.64,1,0.135265
33215.5,67.8288,8650,5050,1745.4,0,0.50384
33229,74.0181,8650,5050,1742.43,0,0.841595
33242,76.8657,8650,5050,1739.58,1,0.166837
33256.4,69.5048,8650,5050,1736.44,0,0.526525
33270.4,71.144,8650,5050,1733.39,0,0.877925
33287.8,57.5037,8650,5050,1729.62,1,0.31268
33303.3,64.8256,8650,5050,1726.3,0,0.69833
33316.7,74.3699,8650,5050,1723.41,1,0.0344875
33333,61.467,8650,5050,1719.93,0,0.44121
33364.2,32.0414,8650,5050,1713.29,1,0.22145
33379.9,63.6027,8650,5050,1709.96,0,0.614515
33393,76.1957,8650,5050,1707.2,0,0.942617
33406.8,72.5174,8650,5050,1704.3,1,0.287362
33421.6,67.46,8650,5050,1701.2,0,0.657952
33437.6,62.5614,8650,5050,1697.86,1,0.05756
33454.1,60.7419,8650,5050,1694.44,0,0.469137
33468,71.9523,8650,5050,1691.57,0,0.81659
33481.5,74.0598,8650,5050,1688.78,1,0.154155
33497.9,60.9188,8650,5050,1685.41,0,0.564538
33511.5,73.5056,8650,5050,1682.62,0,0.904648
33524.1,79.3091,8650,5050,1680.05,1,0.21987
33537.2,76.6836,8650,5050,1677.4,0,0.545885
33550,77.6916,8650,5050,1674.78,0,0.86767
33563.7,72.989,8650,5050,1672.01,1,0.210187
33578.1,69.6054,8650,5050,1669.12,0,0.569355
33591.4,75.454,8650,5050,1666.46,0,0.900683
33605.2,72.2314,8650,5050,1663.69,1,0.246792
33619.9,67.7952,8650,5050,1660.74,0,0.61555
33633.2,75.4142,8650,5050,1658.11,0,0.947052
33648.1,66.9985,8650,5050,1655.15,1,0.320195
33663.6,64.7429,8650,5050,1652.1,0,0.706338
33679.9,61.4613,8650,5050,1648.9,1,0.113097
33694.7,67.3936,8650,5050,1645.99,0,0.484053
33707.9,75.7748,8650,5050,1643.41,0,0.813977
33721,75.993,8650,5050,1640.85,1,0.142955
33745,41.8015,8650,5050,1636.22,0,0.74102
33760.7,63.3722,8650,5050,1633.17,1,0.135515
33778.5,56.2753,8650,5050,1629.76,0,0.57976
33792,74.4186,8650,5050,1627.18,0,0.915698
33805.7,72.6544,8650,5050,1624.56,1,0.259793
33820.1,69.4006,8650,5050,1621.81,0,0.62002
33831.9,85.1412,8650,5050,1619.59,0,0.91365
33847.7,63.3408,8650,5050,1616.6,1,0.30834
33862.5,67.5671,8650,5050,1613.81,0,0.678343
33874.7,81.4127,8650,5050,1611.51,0,0.98542
33889.3,68.5617,8650,5050,1608.78,1,0.350055
33903.9,68.7678,8650,5050,1606.06,0,0.713597
33917.1,75.4347,8650,5050,1603.6,1,0.04501
33930.9,72.8035,8650,5050,1601.05,0,0.3884
33943.6,78.3914,8650,5050,1598.7,0,0.707313
33956.8,75.9844,8650,5050,1596.27,1,0.0363275
33971.6,67.574,8650,5050,1593.55,0,0.406292
33984.7,76.0052,8650,5050,1591.14,0,0.735218
33997.7,77.4281,8650,5050,1588.79,1,0.0580975
34009.8,82.5048,8650,5050,1586.58,0,0.36111
34022.5,78.8221,8650,5050,1584.28,0,0.67828
34035.3,77.8628,8650,5050,1581.95,0,0.999358
34046.1,92.9273,8650,5050,1580.01,1,0.268385
34058.9,77.6084,8650,5050,1577.69,0,0.590515
34073.6,68.3611,8650,5050,1575.07,0,0.95622
34085.4,84.4573,8650,5050,1572.95,1,0.252227
34098.3,77.3766,8650,5050,1570.65,0,0.575323
34111.3,77.388,8650,5050,1568.35,0,0.89837
34122.8,86.737,8650,5050,1566.3,1,0.186597
34136.6,72.53,8650,5050,1563.86,0,0.531282
34149.6,76.7719,8650,5050,1561.57,0,0.856923
34162,80.7996,8650,5050,1559.39,1,0.16633
34176.3,69.7803,8650,5050,1556.88,0,0.524598
34189.5,75.7714,8650,5050,1554.57,0,0.854537
34200.3,92.8186,8650,5050,1552.69,1,0.12388
34211.4,89.992,8650,5050,1550.76,0,0.401682
34221.9,95.4627,8650,5050,1548.95,0,0.663565
34232,98.5756,8650,5050,1547.19,0,0.917177
34244.9,77.397,8650,5050,1544.96,1,0.240187
34257.9,77.3102,8650,5050,1542.73,0,0.56356
34269.3,87.1148,8650,5050,1540.76,0,0.850537
34281.5,82.6105,8650,5050,1538.69,1,0.153162
34296,68.7318,8650,5050,1536.21,0,0.516895
34307.5,87.1612,8650,5050,1534.26,0,0.80372
34319.3,84.631,8650,5050,1532.25,1,0.09912
34332.1,78.3036,8650,5050,1530.09,0,0.41839
34343.4,88.4056,8650,5050,1528.18,0,0.701177
34354.5,89.9386,8650,5050,1526.31,0,0.979145
34367.3,78.2938,8650,5050,1524.16,1,0.298455
34379.6,81.3782,8650,5050,1522.1,0,0.605663
34392.6,76.379,8650,5050,1519.92,0,0.932977
34404.2,86.6589,8650,5050,1517.99,1,0.221465
34418.4,70.5089,8650,5050,1515.64,0,0.57603
34428.7,96.5111,8650,5050,1513.92,0,0.835068
34441,81.5501,8650,5050,1511.9,1,0.141628
34455.5,68.9503,8650,5050,1509.51,0,0.504207
34468.6,76.1296,8650,5050,1507.35,0,0.832595
34481.2,79.4294,8650,5050,1505.28,1,0.14734
34493.7,80.0506,8650,5050,1503.24,0,0.459642
34504.8,89.907,8650,5050,1501.43,0,0.737707
34514.5,103.559,8650,5050,1499.86,0,0.979115
34527.6,76.4386,8650,5050,1497.74,1,0.306175
34539.2,85.8126,8650,5050,1495.85,0,0.597507
34549,101.912,8650,5050,1494.27,0,0.842817
34561.5,79.9463,8650,5050,1492.26,1,0.155528
34575.4,72.3882,8650,5050,1490.04,0,0.500888
34585.7,96.4795,8650,5050,1488.38,0,0.76001
34596.2,95.9049,8650,5050,1486.71,1,0.020685
34607,91.8156,8650,5050,1484.98,0,0.29297
34616.2,108.757,8650,5050,1483.51,0,0.52284
34625.8,104.363,8650,5050,1481.99,0,0.762388
34635.7,100.835,8650,5050,1480.42,1,0.0103175
34647.2,87.1399,8650,5050,1478.61,0,0.297213
34659.4,81.8686,8650,5050,1476.68,0,0.60258
34670.4,91.4587,8650,5050,1474.96,0,0.875928
34681.2,92.7033,8650,5050,1473.27,1,0.145605
34694.4,75.4171,8650,5050,1471.2,0,0.477095
34705.9,86.9202,8650,5050,1469.4,0,0.764715
34718.8,77.7327,8650,5050,1467.4,1,0.08633
34732.1,75.333,8650,5050,1465.34,0,0.41819
34742.3,97.6429,8650,5050,1463.75,0,0.674225
34753.8,87.1202,8650,5050,1461.98,0,0.961185
34765.9,82.7349,8650,5050,1460.11,1,0.263355
34779.8,71.6235,8650,5050,1457.97,0,0.612402
34792.6,78.1482,8650,5050,1456.01,0,0.932307
34802.3,103.03,8650,5050,1454.52,1,0.174955
34812.3,100.037,8650,5050,1453,0,0.424863
34822,103.175,8650,5050,1451.52,0,0.66717
34832,100.01,8650,5050,1450,0,0.917145
34840.5,117.615,8650,5050,1448.71,1,0.129702
34850,104.895,8650,5050,1447.27,0,0.368035
34861.8,84.9885,8650,5050,1445.49,0,0.662193
34871.8,100.226,8650,5050,1443.99,0,0.91163
34971.8,9.99982,8650,5050,1429.09,3,0.411675
35071.8,9.9994,8650,5050,1414.49,2,0.911825
35171.8,9.99898,8650,5050,1400.19,3,0.41208
35271.8,9.99999,8650,5050,1386.18,2,0.912082
35371.8,10,8650,5050,1372.44,3,0.412082
35471.8,9.99953,8650,5050,1358.97,2,0.9122
35571.8,9.99989,8650,5050,1345.77,3,0.412228
35671.8,9.99973,8650,5050,1332.82,2,0.912295
35771.8,9.99971,8650,5050,1320.11,3,0.412367
35871.8,9.9998,8650,5050,1307.65,2,0.912417
35971.8,9.99947,8650,5050,1295.42,3,0.41255
36071.8,9.99976,8650,5050,1283.41,2,0.91261
36171.8,9.99956,8650,5050,1271.63,3,0.41272
36271.8,9.99964,8650,5050,1260.06,2,0.91281
36372.1,9.97101,8650,5050,1248.67,3,0.420078
36472.5,9.9661,8650,5050,1237.47,2,0.928582
36572.5,10.0001,8650,5050,1226.51,3,0.428553
36672.5,9.99986,8650,5050,1215.75,2,0.928587
36772.5,9.99966,8650,5050,1205.17,3,0.428672
36872.5,9.99998,8650,5050,1194.77,2,0.928677
36972.5,9.99965,8650,5050,1184.55,3,0.428765
37072.5,9.99976,8650,5050,1174.51,2,0.928825
37172.5,9.99953,8650,5050,1164.63,3,0.428943
37272.5,9.9997,8650,5050,1154.92,2,0.929017
37372.5,9.99991,8650,5050,1145.37,3,0.42904
37472.5,9.99977,8650,5050,1135.97,2,0.929097
37572.5,9.99991,8650,5050,1126.73,3,0.42912
37672.5,9.99957,8650,5050,1117.64,2,0.929227
37772.5,9.99974,8636.95,5069.75,1110.59,3,0.429293
37872.5,9.9999,8618.82,5085.46,1103.67,2,0.929317
37972.5,9.99965,8591.07,5108.34,1097.81,3,0.429405
38072.5,9.99984,8573.98,5125.2,1091.1,2,0.929445
38172.5,9.9996,8548.91,5151.03,1085.43,3,0.429545
38272.5,10,8531.53,5167.58,1078.92,2,0.929545
38372.5,9.99976,8504.33,5191.17,1073.43,3,0.429605
38472.5,9.99971,8486.25,5206.94,1067.11,2,0.929677
38572.5,9.99818,8461.17,5232.71,1061.79,3,0.430133
38672.5,10,8447.62,5252.49,1055.65,2,0.930125
38772.5,9.99997,8438.26,5287.11,1050.49,3,0.430133
38872.5,9.99975,8435.66,5310.96,1044.52,2,0.930195
38972.5,9.99964,8433.13,5346.87,1039.52,3,0.430285
39072.5,9.99982,8431.83,5370.84,1033.73,2,0.93033
39172.5,9.99992,8405.01,5394.86,1028.88,3,0.43035
39272.5,9.99978,8387.77,5411.55,1023.24,2,0.930405
39372.5,9.99995,8362.59,5437.28,1018.53,3,0.430418
39472.5,9.9999,8345.54,5454.17,1013.05,2,0.930443
39572.6,9.99367,8319.81,5479.35,1008.47,3,0.432025
39672.6,9.99989,8302.69,5496.17,1003.13,2,0.932052
39772.6,9.99977,8277.02,5521.41,998.694,3,0.43211
39872.6,9.99969,8259.91,5538.24,993.494,2,0.932187
39972.6,9.99966,8234.25,5563.48,989.183,3,0.432272
40072.6,9.99982,8216.55,5579.69,984.118,2,0.932317
40172.6,9.99987,8189.47,5603.41,979.926,3,0.43235
40272.6,9.99934,8172.52,5620.39,974.99,2,0.932515
40372.6,9.99979,8148.84,5647.51,970.915,3,0.432568
40472.6,9.99992,8133.52,5665.98,966.104,2,0.932588
40573,9.95915,8108.65,5691.99,962.114,3,0.442843
40673,9.99946,8091.52,5708.8,957.422,2,0.942977
40773.1,9.99939,8065.89,5734.08,953.566,3,0.44313
40873.1,9.99993,8048.92,5751.05,948.989,2,0.943147
40973.1,9.99968,8022.46,5775.46,945.236,3,0.443227
41073.1,9.99957,8004.31,5791.16,940.77,2,0.943335
41173.1,9.99975,7977.99,5815.68,937.114,3,0.443397
41273.1,9.99972,7961.48,5833.1,932.755,2,0.943467
41373.1,9.99977,7937.15,5859.64,929.195,3,0.443525
41473.1,9.99955,7920.54,5876.94,924.938,2,0.943637
41573.1,9.99992,7893.33,5900.51,921.47,3,0.443657
41673.1,9.99995,7875.82,5916.92,917.313,2,0.94367
41773.1,9.99988,7852.99,5944.72,913.932,3,0.4437
41873.1,9.99962,7843.3,5966.62,909.868,2,0.943795
41977.1,9.61793,7842.27,6002.26,906.337,3,0.543108
42077.1,9.99997,7836.84,6037.71,903.076,3,0.043115
42177.1,9.99974,7820.92,6046.65,898.812,2,0.54318
42277.1,9.99967,7785.25,6042.21,895.638,3,0.0432625
42377.1,9.99991,7761.49,6045.35,891.801,2,0.543285
42477.1,9.99965,7729.51,6061.12,888.689,3,0.0433725
42577.1,9.99745,7712.2,6077.72,884.936,2,0.54401
42677.1,10.0019,7689.79,6105.87,881.919,3,0.0435375
42777.1,9.99977,7674.14,6124.07,878.25,2,0.543595
42877.1,9.99971,7647.54,6147.77,875.283,3,0.0436675
42977.1,9.99965,7623.93,6150.98,871.683,2,0.543755
43077.1,9.99969,7588.5,6144.64,868.808,3,0.0438325
43177.1,9.99962,7564.67,6143.4,865.286,2,0.543927
43277.1,9.99957,7532.34,6158.29,862.456,3,0.044035
43377.1,9.99825,7515.4,6175.28,859.015,2,0.544473
43477.1,9.99996,7492.01,6202.64,856.273,3,0.0444825
43577.1,9.9999,7476.49,6220.95,852.904,2,0.544508
43677.1,9.99962,7452.38,6247.68,850.225,3,0.0446025
43777.1,9.99963,7435.61,6264.85,846.925,2,0.544695
43877.1,9.99999,7409.51,6289.63,844.306,3,0.0446975
43985.4,9.23643,7390.91,6304.79,840.703,2,0.75137
44085.4,10.0001,7362.46,6326.85,838.146,3,0.251335
44185.4,9.99963,7343.38,6341.41,834.982,2,0.751427
44285.4,9.99959,7310.59,6353.85,832.434,3,0.25153
44385.4,9.9996,7286.65,6352.59,829.332,2,0.75163
44485.4,9.99985,7250.91,6348.99,826.884,3,0.251667
44585.4,9.99874,7226.92,6349.55,823.843,2,0.751983
44685.4,9.99963,7190.92,6350.17,821.452,3,0.252075
44785.4,9.99989,7166.92,6350.11,818.471,2,0.752102
44885.4,9.99976,7130.94,6349.31,816.132,3,0.252162
44985.4,9.99984,7106.94,6349.25,813.209,2,0.752203
45085.4,9.99975,7070.94,6349.54,810.92,3,0.252265
45185.4,9.99974,7046.94,6349.81,808.052,2,0.75233
45285.4,9.99964,7010.94,6350.07,805.812,3,0.25242
45385.4,9.99977,6986.94,6350.05,802.998,2,0.752478
45485.4,9.99986,6950.94,6349.98,800.805,3,0.252513
45585.4,9.9994,6926.94,6349.99,798.043,2,0.752662
45685.4,9.99971,6890.94,6350,795.896,3,0.252735
45785.4,10,6866.94,6350,793.185,2,0.752728
45885.4,9.99992,6830.95,6349.2,791.082,3,0.252748
45985.5,9.99407,6806.96,6348.72,788.419,2,0.75423
46085.5,9.99954,6770.96,6348.17,786.359,3,0.254345
46185.5,9.99993,6746.96,6347.85,783.746,2,0.754363
46285.5,9.99924,6711.1,6345.27,781.726,3,0.254553
46385.5,10.0001,6687.19,6343.2,779.159,2,0.754533
46485.5,9.99983,6651.72,6347.23,777.168,3,0.254575
46585.5,9.99965,6631.19,6359.54,774.644,2,0.754663
46685.5,9.99977,6606.4,6385.62,772.706,3,0.25472
46785.5,9.99832,6590.86,6403.91,770.228,2,0.75514
46896.7,8.99256,6567.09,6430.94,767.931,3,0.535215
46996.9,9.98421,6543.17,6457.84,766.047,3,0.0391675
47100.3,9.6692,6527.24,6475.8,763.516,2,0.624698
47200.3,9.99888,6503.64,6502.98,761.675,3,0.124977
47418.6,4.58068,6459.98,6543.96,756.868,5,0.582677
47518.6,10.0001,6427.53,6558.74,755.068,3,0.0826575
47618.7,9.99062,6403.6,6558.94,752.756,2,0.585005
47719.1,9.96488,6368.21,6552.43,750.994,3,0.093815
47819.1,9.99772,6344.34,6549.95,748.725,2,0.594385
47919.2,9.99367,6308.35,6549.58,747.006,3,0.0959675
48019.2,9.99992,6284.35,6549.93,744.776,2,0.595987
48119.2,9.99284,6248.35,6550.05,743.089,3,0.09778
48221.6,9.77096,6224.35,6550,740.82,2,0.656383
48391.6,5.88161,6176.35,6550,737.447,4,0.906918
48647.9,3.90159,6116.5,6547.04,731.923,5,0
48749.2,9.86885,6092.73,6543.73,729.785,2,0.533222
48854.3,9.51709,6056.89,6545.15,728.054,3,0.160075
48955,9.9364,6033.26,6549.31,725.973,2,0.676077
49055,9.99651,5997.34,6551.03,724.431,3,0.17695
49155,9.99443,5973.36,6550.03,722.4,2,0.678343
49255.2,9.98515,5937.38,6549.17,720.884,3,0.18206
49355.2,9.99867,5913.51,6546.67,718.885,2,0.682392
49455.2,9.99668,5877.79,6542.44,717.399,3,0.183223
49555.3,9.9897,5854.2,6546.48,715.426,2,0.6858
49655.4,9.99811,5824.34,6566.14,713.958,3,0.186273
49755.4,9.9989,5807.61,6583.35,712.021,2,0.686548
49857.3,9.80715,5783.43,6610.02,710.531,3,0.235708
49957.4,9.99659,5767.47,6627.94,708.624,2,0.73656
50069.9,8.88483,5743.59,6654.89,706.858,3,0.550345
50170,9.99685,5719.11,6681.27,705.464,3,0.0511325
50270,9.99377,5702.12,6698.22,703.599,2,0.55269
50370.1,9.9898,5676.5,6723.51,702.227,3,0.0552425
50538.9,5.92622,5642.36,6757.25,699.436,4,0.27378
50639,9.98233,5624.67,6773.47,697.619,2,0.778205
50739.1,9.99035,5597.85,6797.47,696.29,3,0.28062
50839.1,9.99915,5580.88,6814.44,694.505,2,0.780833
50939.2,9.99688,5555.9,6840.36,693.2,3,0.281612
51039.2,9.99797,5539.35,6857.75,691.44,2,0.78212
51139.2,9.99824,5513.54,6882.82,690.157,3,0.28256
51239.2,9.99975,5495.47,6898.61,688.423,2,0.782623
51339.2,9.99941,5469.36,6923.39,687.163,3,0.28277
51439.2,9.99948,5454.27,6942.03,685.453,2,0.7829
51539.2,9.99988,5440.79,6974.99,684.198,3,0.28293
51639.2,9.9996,5441.56,6998.91,682.51,2,0.78303
51739.2,9.99998,5448.39,7034.24,681.291,3,0.283035
51839.2,9.99957,5450.9,7058.1,679.629,2,0.783143
51939.2,9.99931,5450.49,7094.09,678.429,3,0.283315
52039.3,9.99915,5445.99,7117.65,676.79,2,0.783527
52139.3,9.99732,5435.53,7152.09,675.61,3,0.284198
52239.3,9.99989,5425.1,7173.52,673.988,2,0.784225
52339.3,9.99957,5397.83,7196.66,672.819,3,0.284333
52439.3,9.99837,5379.4,7212.01,671.224,2,0.78474
52539.3,9.99863,5356.15,7239.42,670.08,3,0.285082
52639.3,9.99993,5344.67,7260.41,668.505,2,0.7851
52739.3,9.99957,5341.06,7295.91,667.37,3,0.285208
52839.3,9.99958,5345.23,7319.53,665.818,2,0.785312
52939.3,9.99995,5350.41,7355.13,664.712,3,0.285325
53039.3,9.99978,5350.89,7379.13,663.182,2,0.78538
53139.3,9.99931,5350.37,7415.12,662.093,3,0.285553
53239.5,9.98288,5350.17,7439.12,660.579,2,0.78984
53339.5,9.99994,5349.98,7475.12,659.508,3,0.289855
53439.5,9.99938,5349.96,7499.12,658.018,2,0.79001
53541.4,9.811,5350,7535.12,656.919,3,0.33817
53660.7,8.38769,5350.01,7571.12,655.428,3,0.318727
53761.5,9.91691,5350,7595.12,653.95,2,0.839675
53914.5,6.5354,5350,7643.12,652.132,4,0.664995
54014.5,10.0002,5350,7679.12,651.115,3,0.164957
54114.5,9.99988,5350,7703.12,649.689,2,0.664988
54214.5,9.9997,5350,7739.12,648.688,3,0.165063
54314.5,9.99888,5350,7763.12,647.28,2,0.665343
54414.5,9.99942,5350,7799.12,646.294,3,0.165487
54514.5,9.99972,5350,7823.12,644.904,2,0.665558
54614.6,9.99684,5350,7859.12,643.932,3,0.166348
54714.8,9.97868,5350,7883.12,642.555,2,0.67169
54814.8,9.99962,5350,7919.12,641.598,3,0.171785
54914.8,9.99984,5350,7943.12,640.243,2,0.671825
55014.8,9.99985,5350,7979.12,639.301,3,0.171862
55114.8,9.99566,5350,8003.12,637.961,2,0.672948
55214.8,9.99983,5350,8039.12,637.033,3,0.17299
55314.8,9.99975,5350,8063.12,635.711,2,0.673052
55414.8,9.99931,5350,8099.12,634.796,3,0.173225
55516.4,9.84511,5350,8123.12,633.457,2,0.712557
55616.4,10.0002,5350,8159.12,632.555,3,0.212517
55716.4,9.99999,5350,8183.12,631.266,2,0.71252
55816.4,9.99946,5350,8219.12,630.377,3,0.212655
55916.4,9.99959,5350,8243.12,629.103,2,0.712758
56226.4,3.22586,5350,8303.12,624.74,5,0
56330.7,9.59001,5350,8327.12,623.415,2,0.60688
56431.4,9.93295,5350,8363.12,622.556,3,0.123755
56531.4,9.99978,5350,8387.12,621.331,2,0.62381
56631.4,9.99978,5350,8423.12,620.498,3,0.123865
56731.4,9.99964,5350,8447.12,619.288,2,0.623955
56831.4,9.99983,5350,8483.12,618.466,3,0.123998
56931.4,9.99947,5350,8507.12,617.27,2,0.62413
57031.4,9.99333,5350,8543.12,616.459,3,0.125797
57131.5,9.9984,5350,8567.12,615.277,2,0.626198
57231.5,9.99961,5350,8603.12,614.477,3,0.126295
57331.5,9.99943,5350,8627.12,613.309,2,0.626437
57431.5,9.99928,5350,8663.12,612.521,3,0.126618
57531.5,9.99966,5350,8687.12,611.366,2,0.626702
57631.5,9.99973,5350,8723.12,610.589,3,0.12677
57731.5,9.99955,5350,8747.12,609.447,2,0.626882
57831.5,9.99995,5350,8783.12,608.68,3,0.126895
57931.5,9.99987,5350,8807.12,607.551,2,0.626927
58031.5,9.99987,5350,8843.12,606.795,3,0.12696
58131.5,9.99975,5350,8867.12,605.679,2,0.627023
58231.5,9.99993,5350,8903.12,604.933,3,0.12704
58331.5,9.99969,5350,8927.12,603.829,2,0.627118
58431.5,9.99997,5350,8963.12,603.093,3,0.127125
58531.5,9.99986,5350,8987.12,602.001,2,0.62716
58631.5,9.99973,5350,9023.12,601.276,3,0.127228
58731.5,10,5350,9047.12,600.196,2,0.627225
58831.6,9.99204,5350,9083.12,599.478,3,0.129218
58931.6,9.99997,5350,9107.12,598.41,2,0.629225
59031.6,9.99997,5350,9143.12,597.704,3,0.129232
59131.6,9.99975,5350,9167.12,596.647,2,0.629295
59231.6,9.99983,5350,9203.12,595.95,3,0.129338
59331.6,9.99982,5350,9227.12,594.905,2,0.629382
59431.6,9.99966,5350,9263.12,594.217,3,0.129468
59531.6,9.99927,5350,9287.12,593.182,2,0.62965
59631.6,9.99925,5350,9323.12,592.503,3,0.129837
59731.6,9.99998,5350,9347.12,591.48,2,0.629843
59831.6,9.99974,5350,9383.12,590.81,3,0.129908
59931.6,9.9999,5350,9407.12,589.798,2,0.629933
60031.6,9.99954,5350,9443.12,589.137,3,0.130048
60131.6,9.99981,5350,9467.12,588.135,2,0.630095
60231.6,9.99995,5350,9503.12,587.482,3,0.130108
60331.6,9.99963,5350,9527.12,586.491,2,0.6302
60431.6,9.99967,5350,9563.12,585.846,3,0.130283
60531.6,9.99996,5350,9587.12,584.865,2,0.630292
60631.6,9.99961,5350,9623.12,584.229,3,0.13039
60731.6,9.99969,5350,9647.12,583.258,2,0.630467
60831.6,9.99961,5350,9683.12,582.63,3,0.130565
60931.6,9.99982,5350,9707.12,581.669,2,0.63061
61031.6,9.99972,5350,9743.12,581.049,3,0.13068
61131.6,9.99987,5350,9767.12,580.097,2,0.630713
61231.6,9.99966,5350,9803.12,579.485,3,0.130798
61331.7,9.99957,5350,9827.12,578.543,2,0.630905
61431.7,9.9997,5350,9863.12,577.939,3,0.13098
61531.7,9.99958,5350,9887.12,577.006,2,0.631085
61631.7,9.99574,5350,9923.12,576.409,3,0.13215
61731.7,9.99988,5350,9947.12,575.486,2,0.63218
61831.7,9.99978,5350,9983.12,574.896,3,0.132235
61931.7,9.99995,5350,10007.1,573.983,2,0.632248
62031.7,9.99987,5350,10043.1,573.4,3,0.13228
62131.7,9.99993,5350,10067.1,572.496,2,0.632298
62231.7,9.99982,5350,10103.1,571.921,3,0.132343
62331.7,9.99966,5350,10127.1,571.025,2,0.632428
62431.7,9.99983,5350,10163.1,570.457,3,0.13247
62531.7,9.99956,5350,10187.1,569.569,2,0.63258
62631.7,9.9997,5350,10223.1,569.008,3,0.132655
62731.7,9.99967,5350,10247.1,568.13,2,0.632738
62831.7,10,5350,10283.1,567.575,3,0.132738
62931.7,9.99986,5350,10307.1,566.705,2,0.632773
63031.7,9.99975,5350,10343.1,566.158,3,0.132835
63131.7,9.99977,5350,10367.1,565.296,2,0.632892
63231.7,9.99968,5350,10403.1,564.755,3,0.132972
63331.7,9.9997,5350,10427.1,563.902,2,0.633048
63431.7,9.99971,5350,10463.1,563.367,3,0.13312
63531.7,9.99977,5350,10487.1,562.522,2,0.633178
63631.7,9.99998,5350,10523.1,561.994,3,0.133182
63731.7,9.99962,5350,10547.1,561.156,2,0.633277
63831.7,9.99975,5350,10583.1,560.634,3,0.13334
63931.7,9.99987,5350,10607.1,559.805,2,0.633372
64031.8,9.99995,5350,10643.1,559.289,3,0.133385
64131.8,9.99995,5350,10667.1,558.467,2,0.633398
64231.8,9.99987,5350,10703.1,557.958,3,0.13343
64331.8,9.9996,5350,10727.1,557.144,2,0.63353
64431.8,9.99992,5350,10763.1,556.64,3,0.13355
64531.8,9.99987,5350,10787.1,555.833,2,0.633582
64631.8,9.99972,5350,10823.1,555.336,3,0.133652
64731.8,10,5350,10847.1,554.536,2,0.633653
64831.8,9.99948,5350,10883.1,554.044,3,0.133783
64931.8,9.99962,5350,10907.1,553.252,2,0.633878
65031.8,9.99975,5350,10943.1,552.766,3,0.13394
65131.8,9.9999,5350,10967.1,551.981,2,0.633965
65231.8,9.99979,5350,11003.1,551.501,3,0.134017
65331.8,9.99984,5350,11027.1,550.723,2,0.634058
65431.8,9.99978,5350,11063.1,550.248,3,0.134113
65531.8,9.99985,5350,11087.1,549.477,2,0.63415
65631.8,9.9999,5350,11123.1,549.008,3,0.134175
65731.8,9.99945,5350,11147.1,548.244,2,0.634313
65831.8,9.99965,5350,11183.1,547.779,3,0.1344
65931.8,9.99974,5350,11207.1,547.022,2,0.634465
66031.8,9.9998,5350,11243.1,546.563,3,0.134515
66131.8,9.9996,5350,11267.1,545.813,2,0.634615
66231.8,9.99987,5350,11303.1,545.359,3,0.134648
66331.8,9.99957,5350,11327.1,544.615,2,0.634755
66431.8,9.99991,5350,11363.1,544.166,3,0.134778
66531.8,9.99981,5350,11387.1,543.429,2,0.634825
66631.9,9.99122,5350,11423.1,542.984,3,0.137022
66731.9,9.99994,5350,11447.1,542.253,2,0.637038
66831.9,9.99993,5350,11483.1,541.815,3,0.137055
66931.9,9.9998,5350,11507.1,541.09,2,0.637105
67031.9,9.99939,5350,11543.1,540.656,3,0.137258
67131.9,9.99959,5350,11567.1,539.938,2,0.63736
67231.9,9.99991,5350,11603.1,539.509,3,0.137383
67331.9,9.9997,5350,11627.1,538.797,2,0.637457
67431.9,9.99881,5350,11663.1,538.372,3,0.137755
67531.9,9.99999,5350,11687.1,537.666,2,0.637757
67631.9,9.99953,5350,11723.1,537.247,3,0.137875
67731.9,9.9997,5350,11747.1,536.546,2,0.63795
67831.9,9.99984,5350,11783.1,536.131,3,0.13799
67931.9,9.99961,5350,11807.1,535.437,2,0.638088
68033.7,9.83112,5350,11843.1,535.005,3,0.181032
68133.7,9.99974,5350,11867.1,534.317,2,0.681098
68233.7,9.99963,5350,11903.1,533.911,3,0.18119
68333.7,9.99959,5350,11927.1,533.228,2,0.681292
68435.8,9.78856,5350,11963.1,532.8,3,0.235295
68535.8,9.99971,5350,11987.1,532.123,2,0.735367
68635.8,9.99973,5350,12023.1,531.726,3,0.235435
68735.8,9.99997,5350,12047.1,531.055,2,0.735443
68835.8,9.99991,5350,12083.1,530.662,3,0.235465
68935.8,9.99958,5350,12107.1,529.996,2,0.73557
69035.8,9.99951,5350,12143.1,529.608,3,0.235693
69135.8,9.99991,5350,12167.1,528.947,2,0.735715
69235.8,9.99988,5350,12203.1,528.563,3,0.235745
69335.8,9.99981,5350,12227.1,527.908,2,0.735793
69435.8,9.99986,5350,12263.1,527.527,3,0.235828
69535.8,9.99997,5350,12287.1,526.878,2,0.735835
69635.9,9.98994,5350,12323.1,526.5,3,0.238353
69735.9,9.99994,5350,12347.1,525.856,2,0.738367
69836,9.99988,5350,12383.1,525.484,3,0.238397
69936,9.99956,5350,12407.1,524.844,2,0.738508
70036.3,9.96724,5350,12443.1,524.472,3,0.246725
70136.3,10.0001,5350,12467.1,523.838,2,0.746697
70236.3,9.99953,5350,12503.1,523.473,3,0.246815
70336.3,9.99997,5350,12527.1,522.844,2,0.746822
70436.3,9.9997,5350,12563.1,522.484,3,0.246898
70536.3,9.99972,5350,12587.1,521.859,2,0.746967
70636.3,9.99972,5350,12623.1,521.502,3,0.247038
70736.3,9.99986,5350,12647.1,520.883,2,0.747073
70836.3,9.99966,5350,12683.1,520.53,3,0.247157
70936.3,9.99973,5350,12707.1,519.916,2,0.747225
71036.3,9.99993,5350,12743.1,519.566,3,0.247242
71136.3,9.9998,5350,12767.1,518.956,2,0.747293
71236.3,9.9996,5350,12803.1,518.61,3,0.247393
71336.3,9.99986,5350,12827.1,518.005,2,0.747428
71436.3,9.99989,5350,12863.1,517.663,3,0.247455
71536.3,9.99981,5350,12887.1,517.063,2,0.747503
71639.1,9.72462,5350,12923.1,516.692,3,0.318298
71739.1,9.99982,5350,12947.1,516.097,2,0.818343
71839.2,9.99963,5350,12983.1,515.762,3,0.318435
71939.2,9.99987,5350,13007.1,515.17,2,0.818467
72039.2,10,5350,13043.1,514.839,3,0.318467
72139.2,9.99995,5350,13067.1,514.252,2,0.81848
72239.2,9.99975,5350,13103.1,513.924,3,0.318543
72339.2,9.99978,5350,13127.1,513.341,2,0.818597
72439.2,9.99992,5350,13163.1,513.016,3,0.318617
72539.2,9.99962,5350,13187.1,512.439,2,0.818712
72639.2,9.99986,5350,13223.1,512.117,3,0.318747
72739.2,9.99998,5350,13247.1,511.543,2,0.818753
72839.2,9.99988,5350,13283.1,511.225,3,0.318783
72939.2,9.9997,5350,13307.1,510.655,2,0.818857
73039.2,9.99989,5350,13343.1,510.34,3,0.318885
73139.2,9.99963,5350,13367.1,509.775,2,0.818977
73239.2,9.99899,5350,13403.1,509.463,3,0.31923
73339.2,9.99997,5350,13427.1,508.902,2,0.819237
73439.2,9.99989,5350,13463.1,508.593,3,0.319265
73539.2,9.99999,5350,13487.1,508.036,2,0.819268
73639.2,9.99959,5350,13523.1,507.73,3,0.31937
73739.2,9.99956,5350,13547.1,507.178,2,0.81948
73839.2,9.99964,5350,13583.1,506.874,3,0.31957
73939.2,9.99984,5350,13607.1,506.326,2,0.81961
74039.2,9.99995,5350,13643.1,506.026,3,0.319622
74139.2,10,5350,13667.1,505.481,2,0.819623
74239.2,9.99995,5350,13703.1,505.184,3,0.319635
74339.2,9.99952,5350,13727.1,504.644,2,0.819755
74439.2,9.99991,5350,13763.1,504.349,3,0.319777
74539.2,9.9995,5350,13787.1,503.813,2,0.819902
74639.2,9.9996,5350,13823.1,503.521,3,0.320002
74739.2,9.99969,5350,13847.1,502.988,2,0.82008
74839.2,9.99993,5350,13883.1,502.7,3,0.320098
74939.2,9.99985,5350,13907.1,502.171,2,0.820135
75039.2,9.99961,5350,13943.1,501.885,3,0.320233
75139.2,10,5350,13967.1,501.36,2,0.820233
75239.2,9.99974,5350,14003.1,501.077,3,0.320298
75339.2,9.99959,5350,14027.1,500.555,2,0.8204
75439.2,9.99955,5350,14063.1,500.275,3,0.320513
75539.2,9.99997,5350,14087.1,499.757,2,0.82052
75639.2,9.99996,5350,14123.1,499.48,3,0.32053
75739.2,9.99979,5350,14147.1,498.965,2,0.820583
75839.2,9.99963,5350,14183.1,498.69,3,0.320675
75939.2,9.99983,5350,14207.1,498.18,2,0.820718
76039.2,9.9999,5350,14243.1,497.908,3,0.320742
76139.2,9.99993,5350,14267.1,497.4,2,0.82076
76239.2,9.99987,5350,14303.1,497.131,3,0.320792
76339.2,9.99998,5350,14327.1,496.627,2,0.820798
76439.3,9.99961,5350,14363.1,496.36,3,0.320895
76539.3,9.99984,5350,14387.1,495.86,2,0.820935
76639.3,9.99973,5350,14423.1,495.595,3,0.321003
76739.3,9.9997,5350,14447.1,495.099,2,0.821078
76839.3,10,5350,14483.1,494.837,3,0.321072
76939.3,9.99989,5350,14507.1,494.343,2,0.8211
77039.3,9.99981,5350,14543.1,494.084,3,0.321148
77139.3,9.99996,5350,14567.1,493.594,2,0.821158
77239.3,9.99969,5350,14603.1,493.337,3,0.321235
77339.3,9.99963,5350,14627.1,492.85,2,0.821328
77439.3,9.99988,5350,14663.1,492.595,3,0.321357
77539.3,9.99985,5350,14687.1,492.112,2,0.821395
77639.3,9.99972,5350,14723.1,491.86,3,0.321465
77739.3,9.99961,5350,14747.1,491.379,2,0.821563
77839.3,9.99944,5350,14783.1,491.129,3,0.321703
77939.3,10.0001,5350,14807.1,490.653,2,0.821667
78039.3,9.99949,5350,14843.1,490.405,3,0.321795
78139.3,9.99981,5350,14867.1,489.931,2,0.821842
78239.3,9.99982,5350,14903.1,489.686,3,0.321887
78339.3,9.99968,5350,14927.1,489.215,2,0.821967
78439.3,9.99976,5350,14963.1,488.972,3,0.322028
78539.3,9.99991,5350,14987.1,488.505,2,0.82205
78639.3,9.99965,5350,15023.1,488.264,3,0.322138
78739.3,10,5350,15047.1,487.799,2,0.822135
78839.3,9.9999,5350,15083.1,487.561,3,0.32216
78939.3,9.99999,5350,15107.1,487.099,2,0.822163
79039.3,9.99969,5350,15143.1,486.863,3,0.32224
79139.3,9.99973,5350,15167.1,486.404,2,0.822308
79239.3,9.99968,5350,15203.1,486.17,3,0.322387
79339.3,9.99966,5350,15227.1,485.715,2,0.822473
79439.3,9.99986,5350,15263.1,485.483,3,0.322508
79539.3,9.99969,5350,15287.1,485.03,2,0.822585
79639.4,9.99215,5350,15323.1,484.799,3,0.32455
79739.4,9.99937,5350,15347.1,484.35,2,0.824708
79839.4,9.99971,5350,15383.1,484.122,3,0.32478
79939.4,9.99953,5350,15407.1,483.675,2,0.824898
80039.4,10.0001,5350,15443.1,483.449,3,0.324885
80139.4,9.99961,5350,15467.1,483.006,2,0.824983
80239.4,9.99998,5350,15503.1,482.782,3,0.324988
80339.4,9.99984,5350,15527.1,482.341,2,0.825028
80439.4,9.99975,5350,15563.1,482.119,3,0.32509
80539.4,9.9997,5350,15587.1,481.681,2,0.825165
80639.4,9.99972,5350,15623.1,481.461,3,0.325235
80739.4,9.99977,5350,15647.1,481.026,2,0.825293
80839.4,9.99973,5350,15683.1,480.808,3,0.32536
80939.4,9.99961,5350,15707.1,480.375,2,0.825458
81039.4,9.99959,5350,15743.1,480.159,3,0.32556
81139.4,9.99987,5350,15767.1,479.729,2,0.825593
81239.4,9.99997,5350,15803.1,479.515,3,0.3256
81339.4,9.99975,5350,15827.1,479.088,2,0.825662
81439.4,9.99971,5350,15863.1,478.876,3,0.325735
81539.4,9.99963,5350,15887.1,478.451,2,0.825827
81639.4,9.99982,5350,15923.1,478.241,3,0.325873
81739.5,9.99991,5350,15947.1,477.819,2,0.825895
81839.5,9.99985,5350,15983.1,477.611,3,0.325933
81939.5,9.99984,5350,16007.1,477.191,2,0.825972
82039.5,9.9996,5350,16043.1,476.985,3,0.326073
82139.5,9.99966,5350,16067.1,476.568,2,0.826158
82239.5,9.99973,5350,16103.1,476.363,3,0.326225
82339.5,9.99969,5350,16127.1,475.949,2,0.826303
82439.5,9.99988,5350,16163.1,475.746,3,0.326333
82539.5,9.9996,5350,16187.1,475.335,2,0.826433
82639.5,9.99996,5350,16223.1,475.133,3,0.326443
82739.5,9.99971,5350,16247.1,474.724,2,0.826515
82839.5,9.99963,5350,16283.1,474.525,3,0.326607
82939.5,9.99976,5350,16307.1,474.118,2,0.826667
83039.5,9.99977,5350,16343.1,473.92,3,0.326725
83139.5,9.99998,5350,16367.1,473.516,2,0.82673
83239.5,9.99995,5350,16403.1,473.32,3,0.326743
83339.5,9.99953,5350,16427.1,472.918,2,0.82686
83439.5,9.9998,5350,16463.1,472.724,3,0.32691
83539.5,9.99966,5350,16487.1,472.325,2,0.826995
83639.5,9.99969,5350,16523.1,472.132,3,0.327073
83739.5,9.99975,5350,16547.1,471.735,2,0.827135
83839.5,9.99963,5350,16583.1,471.544,3,0.327228
83939.5,9.99981,5350,16607.1,471.15,2,0.827275
84040.6,9.89212,5350,16643.1,470.952,3,0.35454
84140.6,9.99977,5350,16667.1,470.559,2,0.854598
84244.1,9.66181,5350,16703.1,470.344,3,0.442105
84344.1,9.99978,5350,16727.1,469.954,2,0.94216
84444.1,9.99961,5350,16763.1,469.768,3,0.442257
84544.1,9.99981,5350,16787.1,469.38,2,0.942305
84644.1,9.9996,5350,16823.1,469.196,3,0.442405
84744.1,9.99961,5350,16847.1,468.81,2,0.942502
84844.1,9.99988,5350,16883.1,468.628,3,0.442533
84944.1,9.99972,5350,16907.1,468.245,2,0.942603
85044.1,9.99989,5350,16943.1,468.063,3,0.44263
85144.1,9.99974,5350,16967.1,467.682,2,0.942695
85244.1,9.99987,5350,17003.1,467.503,3,0.442728
85344.1,9.99992,5350,17027.1,467.124,2,0.942747
85444.1,9.99948,5350,17063.1,466.946,3,0.442878
85544.1,9.99961,5350,17087.1,466.569,2,0.942975
85644.1,9.99963,5350,17123.1,466.393,3,0.443067
85744.1,9.99976,5350,17147.1,466.018,2,0.943128
85844.1,9.99981,5350,17183.1,465.843,3,0.443175
85944.1,9.99978,5350,17207.1,465.471,2,0.94323
86044.1,9.99962,5350,17243.1,465.297,3,0.443325
86144.1,9.99983,5350,17267.1,464.927,2,0.943367
86244.2,9.99995,5350,17303.1,464.755,3,0.44338
86344.2,9.99971,5350,17327.1,464.387,2,0.943452
86444.2,9.99965,5350,17363.1,464.216,3,0.44354
86544.2,9.99966,5350,17387.1,463.85,2,0.943625
86644.2,9.99971,5350,17423.1,463.681,3,0.443698
86744.2,9.99969,5350,17447.1,463.317,2,0.943775
86844.2,9.99997,5350,17483.1,463.149,3,0.443783
86944.2,9.9998,5350,17507.1,462.787,2,0.943833
87044.9,9.92373,5350,17543.1,462.615,3,0.463048
87144.9,10.0001,5350,17567.1,462.255,2,0.963027
87244.9,10,5350,17603.1,462.09,3,0.463023
87344.9,9.9996,5350,17627.1,461.732,2,0.963122
87444.9,9.99966,5350,17663.1,461.569,3,0.463208
87544.9,9.99967,5350,17687.1,461.213,2,0.96329
87644.9,9.99987,5350,17723.1,461.051,3,0.463322
87745,9.99967,5350,17747.1,460.697,2,0.963405
87845,9.99946,5350,17783.1,460.536,3,0.46354
87945,9.99982,5350,17807.1,460.184,2,0.963585
88045,9.9998,5350,17843.1,460.024,3,0.463635
88145,9.99952,5350,17867.1,459.674,2,0.963755
88245,9.99965,5350,17903.1,459.516,3,0.463843
88345,9.99989,5350,17927.1,459.168,2,0.96387
88449,9.61043,5350,17963.1,458.981,3,0.56521
88549,9.99958,5350,17999.1,458.825,3,0.065315
88649,9.99999,5350,18023.1,458.479,2,0.565318
88749,9.99956,5350,18059.1,458.324,3,0.0654275
88849,9.99968,5350,18083.1,457.981,2,0.565507
88949,9.99982,5350,18119.1,457.827,3,0.0655525
89049,9.99998,5350,18143.1,457.485,2,0.565557
89149,9.99949,5350,18179.1,457.333,3,0.065685
89249,9.99965,5350,18203.1,456.993,2,0.565772
89349.1,9.99944,5350,18239.1,456.841,3,0.0659125
89449.1,9.99993,5350,18263.1,456.503,2,0.56593
89549.1,9.99996,5350,18299.1,456.353,3,0.06594
89649.1,9.9998,5350,18323.1,456.017,2,0.56599
89749.1,9.99976,5350,18359.1,455.868,3,0.06605
89851.8,9.73687,5350,18383.1,455.515,2,0.63361
89951.8,9.99979,5350,18419.1,455.367,3,0.133663
90051.8,9.99971,5350,18443.1,455.035,2,0.633735
90151.8,9.99955,5347.47,18479,454.888,3,0.133848
90251.8,9.99452,5343.62,18502.7,454.557,2,0.635217
90351.8,10.0001,5343.9,18538.5,454.408,3,0.135198
90451.8,9.99982,5353.42,18560.4,454.078,2,0.635243
90551.8,10,5378.13,18586.4,453.932,3,0.13524
90651.8,9.99964,5396.16,18602.3,453.604,2,0.63533
90751.8,9.99972,5423.47,18625.7,453.461,3,0.1354
90851.8,9.99985,5441.35,18641.7,453.136,2,0.635437
90951.8,9.9998,5467.25,18666.7,452.994,3,0.135487
91051.8,9.99997,5484.05,18683.9,452.67,2,0.635495
91151.8,9.99953,5509.4,18709.4,452.529,3,0.135613
91251.9,9.99676,5526.37,18726.4,452.207,2,0.636423
91351.9,10,5550,18750,452.028,3,0.136423
91451.9,9.99975,5550,18750,451.345,2,0.636485
91551.9,9.99994,5550,18750,450.664,3,0.1365
91651.9,9.99985,5550,18750,449.985,2,0.636537
91751.9,9.99922,5550,18750,449.308,3,0.136733
91851.9,9.99967,5550,18750,448.633,2,0.636815
91951.9,9.99969,5550,18750,447.96,3,0.136892
92051.9,9.99978,5550,18750,447.289,2,0.636948
92151.9,9.99835,5550,18750,446.62,3,0.13736
92251.9,10.0001,5550,18750,445.953,2,0.637338
92351.9,9.9997,5550,18750,445.288,3,0.137413
92451.9,9.99997,5550,18750,444.625,2,0.63742
92551.9,9.99964,5550,18750,443.964,3,0.13751
92653.4,9.85722,5550,18750,443.296,2,0.673723
92753.4,9.99967,5550,18750,442.639,3,0.173805
92853.5,9.98921,5550,18750,441.983,2,0.676505
92953.5,9.99983,5550,18750,441.33,3,0.176547
93053.5,9.99967,5550,18750,440.679,2,0.67663
93153.5,9.99974,5550,18750,440.029,3,0.176695
93253.5,9.99959,5550,18750,439.382,2,0.676798
93353.5,9.99969,5550,18750,438.737,3,0.176875
93453.5,9.99995,5550,18750,438.093,2,0.676888
93553.5,9.99985,5550,18750,437.451,3,0.176925
93653.5,9.99972,5550,18750,436.812,2,0.676995
93753.5,9.99955,5550,18750,436.174,3,0.177107
93853.5,9.99991,5550,18750,435.538,2,0.67713
93953.8,9.96722,5550,18750,434.901,3,0.185353
94053.8,9.9997,5550,18750,434.269,2,0.685427
94153.8,9.99977,5550,18750,433.638,3,0.185485
94253.8,9.99943,5550,18750,433.01,2,0.685628
94353.8,9.99962,5550,18750,432.383,3,0.185723
94453.8,9.99962,5550,18750,431.758,2,0.685817
94553.9,9.99961,5550,18750,431.134,3,0.185915
94653.9,9.99961,5550,18750,430.513,2,0.686013
94753.9,9.99983,5550,18750,429.893,3,0.186055
94853.9,9.99983,5550,18750,429.275,2,0.686098
94953.9,9.99974,5550,18750,428.659,3,0.186163
95053.9,9.99969,5550,18750,428.045,2,0.68624
95153.9,9.99978,5550,18750,427.432,3,0.186295
95253.9,9.99991,5550,18750,426.821,2,0.686318
95353.9,9.99995,5550,18750,426.212,3,0.18633
95455.8,9.80662,5550,18750,425.593,2,0.735627
95555.8,9.99987,5550,18750,424.987,3,0.23566
95655.8,9.99981,5550,18750,424.383,2,0.735708
95755.8,9.99988,5550,18750,423.781,3,0.235738
95855.8,9.99958,5550,18750,423.181,2,0.735843
95955.9,9.99942,5550,18750,422.582,3,0.235987
96056,9.98666,5550,18750,421.984,2,0.739327
96156,9.99987,5550,18750,421.388,3,0.23936
96256,9.99915,5550,18750,420.795,2,0.739573
96356,10.0003,5550,18750,420.203,3,0.239487
96462.1,9.42348,5550,18750,419.576,2,0.892435
96562.1,10.0001,5550,18750,418.988,3,0.392417
96662.9,9.92244,5550,18750,418.396,2,0.91196
96762.9,10,5550,18750,417.811,3,0.41195
96862.9,9.99946,5550,18750,417.227,2,0.912085
96962.9,9.99968,5550,18750,416.645,3,0.412165
97062.9,9.99986,5550,18750,416.065,2,0.9122
97162.9,9.99986,5550,18750,415.486,3,0.412235
97262.9,9.99979,5550,18750,414.909,2,0.912287
97362.9,9.99968,5550,18750,414.333,3,0.412367
97462.9,9.99965,5550,18750,413.759,2,0.912455
97562.9,9.99949,5550,18750,413.186,3,0.412582
97662.9,9.99957,5550,18750,412.616,2,0.91269
97762.9,9.99964,5550,18750,412.046,3,0.41278
97866.5,9.65661,5550,18750,411.458,3,0.00168
97966.5,10.0001,5550,18750,410.892,2,0.501665
98066.5,9.99965,5550,18750,410.328,3,0.0017525
98166.5,9.99993,5550,18750,409.765,2,0.50177
98266.5,9.99961,5550,18750,409.203,3,0.0018675
