t_ms,fps,hero_x,hero_y,hero_render_x,hero_render_y,hero_units_per_sec,steps,interp_alpha,frame_ms,hero_anim,hero_anim_render,eff_step,eff_decay,cpu_render_ms,swap_ms
28905.9,6.58563,8008,18885,8008,18885,0,0,0,0,5.60369,5.60369,1,0.8,15.251,0.0608
30748.8,0.54264,13450,11850,13450,11850,4826.34,5,0,1842.84,1.402,1.122,6.25,0.247921,15.251,0.0608
31580.4,1.20253,13450,11850,13450,11850,3325.64,5,0,831.582,1.402,1.122,6.25,0.247921,18.6314,0.0507
31841.4,3.83025,13450,11850,13450,11850,3029.87,5,0,261.08,2.802,2.522,6.25,0.247921,165.518,0.0443
32040.5,5.02443,13450,11850,13450,11850,2837.48,4,0.975685,199.027,3.922,3.91519,4.97569,0.329463,178.378,0.0409
32239.7,5.01902,13450,11850,13450,11850,2667.9,5,0.956733,199.242,5.322,5.30989,4.98105,0.329069,180.881,0.0418
32432.1,5.19843,13450,11850,13450,11850,2522.36,5,0.765875,192.366,0.722001,0.656446,4.80914,0.341937,173.91,0.0488
32622.6,5.24824,13450,11850,13450,11850,2393.05,5,0.529375,190.54,2.122,1.99023,4.7635,0.345437,176.701,0.0426
32818.3,5.11066,13450,11850,13450,11850,2273.36,5,0.421108,195.669,3.522,3.35991,4.89173,0.335693,171.058,0.1399
33074.4,3.90518,13450,11850,13450,11850,2133.71,5,0,256.07,4.922,4.642,6.25,0.247921,196.567,0.0429
33278.7,4.89404,13450,11850,13450,11850,2034,5,0.108253,204.33,0.322003,0.0723134,5.10825,0.319859,184.748,0.0416
33488.6,4.76318,13450,11850,13450,11850,1940.82,5,0.356845,209.944,1.722,1.54192,5.24859,0.309998,192.405,0.0606
33692.4,4.90746,13450,11850,13450,11850,1858.2,5,0.451125,203.771,3.122,2.96832,5.09428,0.320858,183.826,0.0449
33921.6,4.36274,13450,11850,13450,11850,1773.28,5,0,229.214,4.522,4.242,5.73035,0.278402,213.158,0.065
34172.6,3.98426,13450,11850,13450,11850,1688.77,5,0,250.988,5.922,5.642,6.25,0.247921,219.999,0.0498
34511.3,2.95282,13450,11850,13450,11850,1586.74,5,0,338.659,1.322,1.042,6.25,0.247921,276.287,0.1338
34709.9,5.03441,13450,11850,13450,11850,1532.43,4,0.96583,198.633,2.442,2.43244,4.96583,0.330188,182.792,0.0421
34906.7,5.08129,13450,11850,13450,11850,1482.18,5,0.88584,196.8,3.842,3.81004,4.92001,0.333581,184.704,0.0501
35117.9,4.73592,13450,11850,13450,11850,1431.8,5,0,211.152,5.242,4.962,5.2788,0.307915,191.747,0.0418
35319.3,4.96464,13450,11850,13450,11850,1386.83,5,0.035615,201.425,0.642006,0.371978,5.03561,0.325086,181.605,0.0405
35532.5,4.6906,13450,11850,13450,11850,1342.21,5,0.365427,213.192,2.04201,1.86433,5.32981,0.30443,194.447,0.0566
35743,4.74968,13450,11850,13450,11850,1300.88,5,0.628937,210.54,3.44201,3.33811,5.26351,0.308968,193.599,0.0412
36050,3.25768,13450,11850,13450,11850,1244.98,5,0,306.967,4.84201,4.56201,6.25,0.247921,199.945,0.0586
36256.6,4.83915,13450,11850,13450,11850,1209.98,5,0.1662,206.648,0.242007,0.242007,5.1662,0.31575,182.159,0.056
36504.7,4.03168,13450,11850,13450,11850,1170.49,5,0,248.036,1.64201,1.36201,6.20089,0.250652,227.456,0.049
36706.2,4.96107,13450,11850,13450,11850,1140.24,5,0.039235,201.569,3.04201,2.77299,5.03924,0.324824,181.974,0.0471
36910.1,4.90579,13450,11850,13450,11850,1111.2,5,0.135255,203.841,4.44201,4.19988,5.09602,0.320734,187.486,0.04
37129.1,4.56628,13450,11850,13450,11850,1081.61,5,0.610175,218.997,5.84201,5.73286,5.47492,0.294731,195.501,0.0557
37428.2,3.34327,13450,11850,13450,11850,1043.65,5,0,299.109,1.24201,0.962008,6.25,0.247921,222.776,0.0464
37625.8,5.05938,13450,11850,13450,11850,1019.99,4,0.941317,197.653,2.36201,2.34558,4.94132,0.331999,182.066,0.0419
37830.4,4.88727,13450,11850,13450,11850,996.603,5,0,204.613,3.76201,3.48201,5.11533,0.319355,192.175,0.0516
38043.9,4.6849,13450,11850,13450,11850,973.324,5,0.336298,213.452,5.16201,4.97617,5.3363,0.30399,189.69,0.0414
38270,4.42352,13450,11850,13450,11850,949.826,5,0.987905,226.064,0.56201,0.558623,5.65161,0.283337,204.967,0.0434
38484.1,4.66885,13450,11850,13450,11850,928.586,5,0,214.185,1.96201,1.68201,5.35463,0.302749,193.267,0.7009
38627.2,6.99023,13450,11850,13450,11850,914.921,3,0.57642,143.057,2.80201,2.68341,3.57642,0.450204,124.45,0.5344
38756.5,7.73641,13450,11850,13450,11850,902.916,3,0.807895,129.259,3.64201,3.58822,3.23148,0.486225,118.559,0.4403
38942.5,5.37453,13450,11850,13450,11850,886.177,5,0.459462,186.063,5.04201,4.89066,4.65157,0.354174,119.375,0.3942
39123.1,5.53738,13450,11850,13450,11850,870.514,4,0.974235,180.591,0.162011,0.162011,4.51477,0.365152,156.592,0.4179
39268.4,6.88508,13450,11850,13450,11850,858.312,4,0.605277,145.242,1.28201,1.17149,3.63104,0.44475,124.198,0.4534
39405.6,7.28585,13450,11850,13450,11850,847.093,4,0.0365875,137.252,2.40201,2.13226,3.43131,0.46502,122.739,0.6168
39542.4,7.3088,13450,11850,13450,11850,836.196,3,0.45712,136.821,3.24201,3.09,3.42053,0.46614,118.491,0.4344
39679,7.32342,13450,11850,13450,11850,825.597,3,0.870827,136.548,4.08201,4.04584,3.41371,0.46685,123.585,0.4462
39819.7,7.10529,13450,11850,13450,11850,814.951,4,0.389333,140.74,5.20201,5.03102,3.51851,0.45606,126.171,0.6538
40018.6,5.02765,13450,11850,13450,11850,800.364,5,0.36183,198.9,0.602013,0.423325,4.9725,0.329697,164.317,0.495
40171.4,6.54459,13450,11850,13450,11850,789.509,4,0.181778,152.798,1.72201,1.49291,3.81995,0.426392,128.806,0.4187
40346.2,5.72204,13450,11850,13450,11850,777.448,4,0.55085,174.763,2.84201,2.71625,4.36907,0.377219,133.746,0.4638
40507.7,6.19111,13450,11850,13450,11850,766.624,4,0.588898,161.522,3.96201,3.8469,4.03805,0.406137,120.338,0.4276
40683.9,5.67484,13450,11850,13450,11850,755.154,4,0.99431,176.217,5.08201,5.08042,4.40541,0.374172,157.316,0.4215
40832.6,6.72561,13450,11850,13450,11850,745.74,4,0.711447,148.685,0.202014,0.202014,3.71714,0.436287,130.422,0.3978
40983,6.64856,13450,11850,13450,11850,736.453,4,0.471662,150.409,1.32201,1.17408,3.76022,0.432113,123.947,0.4331
41140.1,6.36525,13450,11850,13450,11850,726.996,4,0.39924,157.103,2.44201,2.2738,3.92758,0.416273,133.204,0.6115
41288.2,6.75341,13450,11850,13450,11850,718.302,4,0.101072,148.073,3.56201,3.31031,3.70183,0.437779,128.09,0.5127
41426.7,7.21882,13450,11850,13450,11850,710.355,3,0.56424,138.527,4.40201,4.28,3.46317,0.461726,119.807,0.4468
41569.3,7.01237,13450,11850,13450,11850,702.355,4,0.129368,142.605,5.52202,5.27824,3.56513,0.45134,126.133,0.4375
41716.3,6.80242,13450,11850,13450,11850,694.295,3,0.804528,147.006,0.362016,0.307283,3.67516,0.440393,128.913,0.5729
41932.5,4.62589,13450,11850,13450,11850,682.773,5,0,216.175,1.76202,1.48202,5.40437,0.299408,158.292,0.4988
42107.7,5.70686,13450,11850,13450,11850,673.711,4,0.38069,175.228,2.88202,2.70861,4.38069,0.376242,154.901,0.6166
42248.6,7.10033,13450,11850,13450,11850,666.6,3,0.901653,140.838,3.72202,3.69448,3.52096,0.45581,124.589,0.4501
42385.7,7.29071,13450,11850,13450,11850,659.817,4,0.330673,137.161,4.84202,4.6546,3.42902,0.465258,122.568,0.5483
42525.8,7.14122,13450,11850,13450,11850,653.033,3,0.831475,140.032,5.68202,5.63483,3.5008,0.457865,121.09,0.5579
42665.2,7.17141,13450,11850,13450,11850,646.415,4,0.317537,139.443,0.802017,0.610928,3.48606,0.459373,122.248,0.5029
42828.1,6.14006,13450,11850,13450,11850,638.853,4,0.389158,162.865,1.92202,1.75098,4.07162,0.403106,142.552,0.4883
42963.8,7.36526,13450,11850,13450,11850,632.683,3,0.78347,135.772,2.76202,2.70139,3.39431,0.468875,120.455,0.4769
43110.6,6.81525,13450,11850,13450,11850,626.147,4,0.451712,146.73,3.88202,3.7285,3.66824,0.441073,132.621,0.4926
43265.5,6.4559,13450,11850,13450,11850,619.393,4,0.32414,154.897,5.00202,4.81278,3.87243,0.421428,132.929,0.4209
43464.3,5.02817,13450,11850,13450,11850,610.932,5,0.296127,198.879,0.402018,0.204934,4.97199,0.329735,137.743,0.4797
43611.8,6.78345,13450,11850,13450,11850,604.807,3,0.981568,147.418,1.24202,1.23686,3.68544,0.439384,124.065,0.4319
43741.1,7.73087,13450,11850,13450,11850,599.534,4,0.215355,129.351,2.36202,2.14232,3.23379,0.485975,117.927,0.4225
43871.8,7.65073,13450,11850,13450,11850,594.298,3,0.483018,130.707,3.20202,3.05726,3.26766,0.482315,115.468,0.3934
44036.4,6.0755,13450,11850,13450,11850,587.833,4,0.597907,164.596,4.32202,4.20943,4.11489,0.399233,137.604,0.7887
44192,6.42927,13450,11850,13450,11850,581.851,4,0.486373,155.539,5.44202,5.2982,3.88846,0.419922,132.407,0.4652
44329,7.29648,13450,11850,13450,11850,576.681,3,0.91268,137.052,0.28202,0.25757,3.42631,0.465539,118.019,0.4379
44458.7,7.71068,13450,11850,13450,11850,571.872,4,0.154935,129.69,1.40202,1.1654,3.24225,0.485057,116.354,0.4442
44598,7.18063,13450,11850,13450,11850,566.797,3,0.636522,139.264,2.24202,2.14025,3.48159,0.459832,122.975,0.449
44730,7.57307,13450,11850,13450,11850,562.067,3,0.937695,132.047,3.08202,3.06457,3.30117,0.478722,119.667,0.4441
44943.1,4.69278,13450,11850,13450,11850,554.599,5,0,213.093,4.48202,4.20202,5.32733,0.304599,131.933,0.4581
45100.7,6.34332,13450,11850,13450,11850,549.2,3,0.941153,157.646,5.32202,5.30554,3.94115,0.415014,129.759,0.4679
45255.6,6.45632,13450,11850,13450,11850,543.997,4,0.813325,154.887,0.442021,0.389752,3.87217,0.421452,141.659,0.4916
45419.7,6.09346,13450,11850,13450,11850,538.591,4,0.916083,164.11,1.56202,1.53852,4.10276,0.400315,144.229,0.3992
45557.8,7.24365,13450,11850,13450,11850,534.126,4,0.36738,138.052,2.68202,2.50489,3.4513,0.462951,119.016,0.396
45698,7.1305,13450,11850,13450,11850,529.665,3,0.873445,140.243,3.52202,3.48659,3.50606,0.457327,123.917,0.37
45838.5,7.11784,13450,11850,13450,11850,525.27,4,0.385747,140.492,4.64202,4.47003,3.5123,0.456691,126.58,0.3624
45970.4,7.58373,13450,11850,13450,11850,521.212,3,0.68228,131.861,5.48202,5.39306,3.29653,0.479218,114.557,0.3687
46119.4,6.7119,13450,11850,13450,11850,516.7,4,0.40701,148.989,0.602023,0.435986,3.72473,0.435548,133.154,0.6793
46265.6,6.83912,13450,11850,13450,11850,512.348,4,0.0624525,146.218,1.72202,1.45951,3.65544,0.442335,126.706,0.4165
46485.7,4.54325,13450,11850,13450,11850,505.933,5,0.565117,220.107,3.12202,3.00026,5.50267,0.292912,160.484,0.4891
46672.3,5.35907,13450,11850,13450,11850,500.62,5,0.230102,186.599,4.52202,4.30645,4.66499,0.353115,162.797,0.5954
46848.6,5.6739,13450,11850,13450,11850,495.702,4,0.63624,176.245,5.64202,5.54017,4.40614,0.374112,144.237,0.4275
47073.3,4.45028,13450,11850,13450,11850,489.571,5,0,224.705,1.04202,0.762024,5.61762,0.285494,188.719,0.4688
47273.8,4.98657,13450,11850,13450,11850,484.226,5,0.013465,200.539,2.44202,2.16579,5.01346,0.326697,167.839,0.4232
47460.7,5.34908,13450,11850,13450,11850,479.347,4,0.687168,186.948,3.56202,3.47443,4.6737,0.352429,162.552,0.5741
47613.7,6.53677,13450,11850,13450,11850,475.427,4,0.511685,152.981,4.68202,4.5453,3.82452,0.425957,129.539,0.3811
47759.3,6.87122,13450,11850,13450,11850,471.757,4,0.15005,145.535,5.80203,5.56404,3.63837,0.444024,126.31,0.3622
47979.6,4.53836,13450,11850,13450,11850,466.307,5,0.65865,220.344,1.20203,1.10645,5.5086,0.292524,124.292,0.3781
48130,6.64862,13450,11850,13450,11850,462.659,4,0.418828,150.407,2.32203,2.1593,3.76018,0.432117,125.958,0.4156
48282.7,6.54882,13450,11850,13450,11850,459.013,4,0.236308,152.699,3.44203,3.22819,3.81748,0.426627,135.855,0.3899
48420.2,7.27081,13450,11850,13450,11850,455.778,3,0.674712,137.536,4.28203,4.19095,3.43841,0.464284,120.978,0.4017
48598.1,5.62108,13450,11850,13450,11850,451.66,5,0.12226,177.902,5.68203,5.43626,4.44755,0.370671,156.558,0.5778
48741.6,6.9699,13450,11850,13450,11850,448.393,3,0.709113,143.474,0.522027,0.440579,3.58685,0.449157,118.786,0.4581
48878.2,7.32363,13450,11850,13450,11850,445.328,4,0.122722,136.544,1.64203,1.39639,3.41361,0.46686,117.085,0.3885
49029.5,6.60642,13450,11850,13450,11850,441.978,3,0.906918,151.368,2.48203,2.45596,3.78419,0.429807,133.905,0.6472
49181.5,6.5792,13450,11850,13450,11850,438.665,4,0.70677,151.994,3.60203,3.51992,3.79985,0.428308,135.279,0.4613
49398.2,4.61631,13450,11850,13450,11850,434.028,5,0,216.623,5.00203,4.72203,5.41558,0.298659,153.188,0.4565
49565.4,5.97869,13450,11850,13450,11850,430.514,4,0.181515,167.261,0.122028,0.122028,4.18152,0.393341,130.609,0.4197
49712.5,6.79666,13450,11850,13450,11850,427.47,3,0.859792,147.131,0.962028,0.92277,3.67828,0.440087,129.656,0.409
49881.6,5.91656,13450,11850,13450,11850,424.025,5,0.0852175,169.017,2.36203,2.10589,4.22542,0.389506,156.095,0.5529
50101,4.55681,13450,11850,13450,11850,419.635,5,0.571508,219.452,3.76203,3.64205,5.48629,0.293984,179.949,0.845
50256.6,6.42574,13450,11850,13450,11850,416.576,4,0.462108,155.624,4.88203,4.73142,3.8906,0.419722,123.999,0.3843
50412,6.43559,13450,11850,13450,11850,413.566,4,0.346752,155.386,0.0020299,0.0020299,3.88464,0.42028,138.062,0.4181
50549.7,7.26369,13450,11850,13450,11850,410.936,3,0.78853,137.671,0.84203,0.782818,3.44178,0.463935,121.444,0.4148
50721.6,5.81589,13450,11850,13450,11850,407.697,5,0.0871,171.943,2.24203,1.98642,4.29857,0.3832,159.725,0.5204
50928.2,4.84168,13450,11850,13450,11850,403.873,5,0.2506,206.54,3.64203,3.4322,5.1635,0.31594,119.99,0.491
51084.9,6.38117,13450,11850,13450,11850,401.019,4,0.168378,156.711,4.76203,4.52918,3.91778,0.417185,124.176,0.4858
51239.2,6.47981,13450,11850,13450,11850,398.248,4,0.026515,154.325,5.88203,5.60946,3.85814,0.422774,137.131,0.5559
51415.3,5.67846,13450,11850,13450,11850,395.133,4,0.429118,176.104,1.00203,0.842184,4.4026,0.374407,148.893,0.3924
51544.7,7.73066,13450,11850,13450,11850,392.875,3,0.662995,129.355,1.84203,1.74767,3.23388,0.485965,115.635,0.4021
51687,7.0278,13450,11850,13450,11850,390.421,4,0.220295,142.292,2.96203,2.74371,3.5573,0.452129,131.347,0.3674
51838,6.62112,13450,11850,13450,11850,387.85,3,0.99609,151.032,3.80203,3.80094,3.77579,0.430614,135.775,0.4018
51973.8,7.36405,13450,11850,13450,11850,385.566,4,0.39096,135.795,4.92203,4.7515,3.39487,0.468817,121.643,0.4443
52130.9,6.36472,13450,11850,13450,11850,382.958,4,0.31886,157.116,0.0420327,0.0420327,3.9279,0.416243,134.169,0.4653
52291.9,6.21013,13450,11850,13450,11850,380.321,4,0.344543,161.027,1.16203,0.978505,4.02568,0.407259,139.991,0.4342
52470.9,5.58892,13450,11850,13450,11850,377.434,4,0.817675,178.925,2.28203,2.23098,4.47313,0.36856,122.129,0.5374
52644.6,5.7571,13450,11850,13450,11850,374.672,5,0.160142,173.699,3.68203,3.44687,4.34247,0.379465,151.561,0.5258
52783.5,7.19828,13450,11850,13450,11850,372.492,3,0.633192,138.922,4.52203,4.41933,3.47305,0.460709,116.671,0.3871
52924.1,7.11318,13450,11850,13450,11850,370.312,4,0.147795,140.584,5.64203,5.40342,3.5146,0.456457,125.375,0.4127
53097.4,5.76868,13450,11850,13450,11850,367.658,4,0.481542,173.35,0.762034,0.616866,4.33375,0.380204,136.24,0.739
53246.5,6.70966,13450,11850,13450,11850,365.407,4,0.207512,149.039,1.88203,1.66014,3.72597,0.435428,128.283,0.5376
53398.3,6.58506,13450,11850,13450,11850,363.141,4,0.003985,151.859,3.00203,2.72315,3.79647,0.428631,132.949,0.4602
53526.4,7.80566,13450,11850,13450,11850,361.252,3,0.206787,128.112,3.84203,3.61993,3.2028,0.489346,111.582,0.3552
53657,7.65935,13450,11850,13450,11850,359.346,3,0.47077,130.559,4.68203,4.53385,3.26398,0.482711,116.785,0.6437
53790.4,7.49617,13450,11850,13450,11850,357.42,3,0.805805,133.401,5.52204,5.46766,3.33504,0.475118,116.614,0.4092
53964.2,5.75374,13450,11850,13450,11850,354.941,5,0.150805,173.8,0.922036,0.684261,4.345,0.37925,120.822,0.3879
54102.8,7.21467,13450,11850,13450,11850,352.988,3,0.615968,138.607,1.76204,1.65451,3.46516,0.461521,118.461,0.4606
54241,7.2354,13450,11850,13450,11850,351.063,4,0.0712,138.209,2.88204,2.62197,3.45523,0.462544,121.199,0.4266
54373.7,7.53652,13450,11850,13450,11850,349.233,3,0.38838,132.687,3.72204,3.55078,3.31718,0.477015,115.816,0.4098
54500.4,7.8931,13450,11850,13450,11850,347.505,3,0.555703,126.693,4.56204,4.43763,3.16732,0.493236,112.521,0.3778
54636.9,7.32276,13450,11850,13450,11850,345.66,3,0.969715,136.56,5.40204,5.39356,3.41401,0.466818,119.293,0.3564
54770.5,7.48455,13450,11850,13450,11850,343.875,4,0.30993,133.609,0.522037,0.328818,3.34021,0.474569,117.183,0.4585
54907,7.32675,13450,11850,13450,11850,342.07,3,0.722085,136.486,1.36204,1.28422,3.41215,0.467012,118.358,0.3668
55046.6,7.16592,13450,11850,13450,11850,340.244,4,0.210822,139.549,2.48204,2.26107,3.48874,0.459099,125.002,0.4753
55193.8,6.79245,13450,11850,13450,11850,338.338,3,0.89138,147.222,3.32204,3.29162,3.68056,0.439863,127.705,0.4856
55361.8,5.95173,13450,11850,13450,11850,336.189,5,0.0918425,168.018,4.72204,4.46775,4.20046,0.391682,132.072,1.2503
55536.7,5.71735,13450,11850,13450,11850,333.981,4,0.4645,174.906,5.84204,5.6921,4.37266,0.376917,116.005,0.3844
55689.1,6.56376,13450,11850,13450,11850,332.082,4,0.27329,152.352,0.962038,0.75856,3.80879,0.427455,133.062,0.3796
55823.1,7.45914,13467.3,11866.5,13464.4,11863,331.315,3,0.624885,134.064,0.66,0.536212,3.35159,0.473366,118.601,0.3702
55957.9,7.42167,13487.9,11895.9,13487.9,11895.9,330.995,3,0.9934,134.741,1.65,1.64782,3.36852,0.471582,116.108,0.4311
56090.5,7.53839,13517.8,11933.3,13511.9,11927.4,331.138,4,0.30976,132.654,2.97,2.74222,3.31636,0.477102,119.664,0.4549
56222.4,7.58542,13548.9,11951.1,13544.5,11949.2,330.853,3,0.605555,131.832,3.96,3.82983,3.29579,0.479297,114.832,0.3638
56373.3,6.62748,13587.8,11923.6,13582.5,11928.9,330.77,4,0.377728,150.887,5.28,5.07465,3.77217,0.430962,137.26,0.3758
56507.3,7.46101,13609.2,11894.7,13607.3,11897.3,330.467,3,0.728482,134.03,0.27,0.27,3.35075,0.473455,116.343,0.3435
56638.2,7.63671,13639.6,11857.7,13631,11866.1,330.633,4,0.002145,130.946,1.59,1.26071,3.27366,0.48167,115.857,0.3947
56773.1,7.41251,13670.9,11841,13663.7,11843.1,330.305,3,0.37482,134.907,2.58,2.37369,3.37267,0.471144,115.524,0.375
56966,5.18525,13730.2,11847.1,13720.7,11845.3,330.16,5,0.19619,192.855,4.23,3.96474,4.82137,0.341005,123.349,0.483
57118.1,6.57606,13765.9,11850.7,13765.9,11850.7,329.653,3,0.997858,152.067,5.22,5.21929,3.80167,0.428135,125.656,0.6123
57253.4,7.38825,13813.1,11842.3,13805.8,11843.2,329.771,4,0.38161,135.35,0.539999,0.33593,3.38375,0.469981,123.202,0.4256
57403.7,6.65469,13859.3,11852.3,13850,11847.8,329.69,4,0.13836,150.27,1.86,1.57566,3.75675,0.432447,131.738,0.4242
57546.8,6.98747,13888.5,11873.3,13885.8,11871.1,329.297,3,0.716195,143.113,2.85,2.75634,3.57784,0.450062,125.449,0.438
57701.8,6.45164,13924,11905.5,13920.6,11902,329.19,4,0.591178,154.999,4.17,4.03509,3.87498,0.421187,139.507,0.3839
57839.9,7.23983,13950.7,11944.7,13946.4,11934.1,329.26,4,0.0442975,138.125,5.49,5.17462,3.45312,0.462762,124.506,0.4298
58002.5,6.15026,13928.1,11986.8,13934.8,11978.5,329.061,4,0.109168,162.595,0.809999,0.516024,4.06487,0.403714,146.167,0.3779
58152.3,6.67834,13898.8,12007.5,13900.3,12006.6,328.603,3,0.85261,149.738,1.8,1.75136,3.74344,0.433733,131.867,0.4373
58346.6,5.14532,13852.7,12045.5,13855.1,12043,328.463,5,0.711393,194.351,3.45,3.35476,4.85878,0.33817,153.144,0.5459
58500,6.51744,13844.7,12091.4,13843.9,12086,328.335,4,0.547255,153.434,4.77,4.62059,3.83586,0.42488,119.558,0.3737
58632.7,7.53839,13855.4,12125.8,13855,12124.2,328.08,3,0.863612,132.654,5.76,5.71499,3.31636,0.477103,118.849,0.3661
58774.5,7.05254,13840.8,12169.9,13845,12164.2,328.08,4,0.408433,141.793,1.08,0.884781,3.54482,0.453389,129.366,0.4368
58914.1,7.1636,13814.3,12194.3,13815.2,12193.4,327.754,3,0.8983,139.595,2.07,2.03644,3.48987,0.458983,121.878,0.3878
59071.4,6.35737,13777.9,12225.6,13779.4,12224.2,327.636,4,0.830742,157.298,3.39,3.33414,3.93244,0.415822,119.854,0.4605
59212.5,7.08661,13750,12250,13750,12250,327.334,4,0.358523,141.111,0.56,0.380386,3.52778,0.455117,120.309,0.3849
59344.5,7.57784,13750,12250,13750,12250,325.914,3,0.657615,131.964,1.4,1.30413,3.29909,0.478944,117.161,0.3834
59482.1,7.26361,13750,12250,13750,12250,324.447,4,0.09943,137.673,2.52,2.26784,3.44181,0.463931,125.147,0.3674
59621.5,7.17747,13750,12250,13750,12250,322.975,3,0.582552,139.325,3.36,3.24311,3.48312,0.459675,121.475,0.364
59781.2,6.25859,13750,12250,13750,12250,321.304,4,0.577065,159.781,4.48,4.36158,3.99451,0.410102,146.308,0.428
60036.3,3.92003,13750,12250,13750,12250,318.671,5,0,255.1,5.88,5.6,6.25,0.247921,176.441,0.3987
60188.4,6.57502,13750,12250,13750,12250,317.122,3,0.80227,152.091,0.720001,0.664637,3.80227,0.428077,124.873,0.3618
60320.1,7.59345,13750,12250,13750,12250,315.792,4,0.0945825,131.692,1.84,1.58648,3.29231,0.479669,119.811,0.3532
60453.1,7.51738,13750,12250,13750,12250,314.461,3,0.42021,133.025,2.68,2.51766,3.32563,0.476117,116.012,0.4193
60593.5,7.12275,13750,12250,13750,12250,313.067,3,0.93009,140.395,3.52,3.50043,3.50988,0.456938,122.314,0.4064
60727.3,7.47447,13750,12250,13750,12250,311.751,4,0.274808,133.789,4.64,4.43695,3.34472,0.474093,117.028,0.5361
60859.4,7.56869,13750,12250,13750,12250,310.462,3,0.577887,132.123,5.48,5.36181,3.30308,0.478518,114.239,0.3831
60994.9,7.38104,13750,12250,13750,12250,309.151,3,0.964945,135.482,0.320003,0.310187,3.38706,0.469635,120.413,0.4131
61137.5,7.01549,13750,12250,13750,12250,307.784,4,0.52849,142.542,1.44,1.30798,3.56354,0.451499,127.602,0.5253
61290.9,6.5194,13750,12250,13750,12250,306.326,4,0.3632,153.388,2.56,2.3817,3.83471,0.42499,133.24,0.4018
61476.4,5.38996,13750,12250,13750,12250,304.581,5,0.001455,185.53,3.96,3.68041,4.63826,0.355228,119.183,0.4471
61619.7,6.97584,13750,12250,13750,12250,303.247,3,0.585253,143.352,4.8,4.68387,3.5838,0.449463,119.877,0.3992
61753.5,7.47556,13750,12250,13750,12250,302.012,3,0.929485,133.769,5.64,5.62026,3.34423,0.474144,119.744,0.5158
61961.6,4.80579,13750,12250,13750,12250,300.111,5,0,208.082,1.04,0.760004,5.20206,0.313234,182.632,0.5388
62206.1,4.08929,13750,12250,13750,12250,297.907,5,0,244.541,2.44,2.16,6.11353,0.255586,207.895,0.4822
62374.3,5.94506,13750,12250,13750,12250,296.409,4,0.20517,168.207,3.56,3.33745,4.20517,0.39127,137.372,0.3521
62524.3,6.67,13750,12250,13750,12250,295.088,3,0.953295,149.925,4.4,4.38693,3.74813,0.433281,131.803,0.4614
62688.6,6.08501,13750,12250,13750,12250,293.652,5,0.06175,164.338,5.80001,5.5373,4.10846,0.399806,146.585,0.4293
62862.1,5.76245,13750,12250,13750,12250,292.151,4,0.40018,173.537,0.920006,0.752056,4.33843,0.379807,125.138,0.415
63066.3,4.89792,13750,12250,13750,12250,290.405,5,0.504393,204.168,2.32001,2.18124,5.10421,0.320148,158.588,0.4027
63224.3,6.32988,13750,12250,13750,12250,289.068,4,0.453918,157.981,3.44001,3.2871,3.94953,0.414239,135.059,0.3568
63429.9,4.86424,13750,12250,13750,12250,287.347,5,0.593463,205.582,4.84001,4.72618,5.13954,0.317634,186.556,0.4617
63613.7,5.44079,13750,12250,13750,12250,285.825,5,0.188383,183.797,0.240007,0.240007,4.59492,0.358679,148.703,0.4041
63764.5,6.62933,13750,12250,13750,12250,284.589,3,0.959503,150.845,1.08001,1.06867,3.77112,0.431063,121.849,0.5522
63902,7.27432,13750,12250,13750,12250,283.471,4,0.396248,137.47,2.20001,2.03096,3.43674,0.464456,119.111,0.4116
64056.8,6.45923,13750,12250,13750,12250,282.222,4,0.266677,154.817,3.32001,3.11468,3.87043,0.421616,128.587,0.4007
64244.8,5.31861,13750,12250,13750,12250,280.721,4,0.967157,188.019,4.44001,4.43081,4.70048,0.350329,165.124,0.4825
64437.8,5.18079,13750,12250,13750,12250,279.196,5,0.792678,193.021,5.84001,5.78196,4.82552,0.34069,132.056,0.3625
64588.6,6.63198,13750,12250,13750,12250,278.016,4,0.56229,150.785,0.960009,0.83745,3.76961,0.431208,130.346,0.458
64768.2,5.56858,13750,12250,13750,12250,276.624,5,0.051765,179.579,2.36001,2.0945,4.48947,0.367219,162.892,0.5223
65000.3,4.30896,13750,12250,13750,12250,274.845,5,0.853635,232.075,3.76001,3.71903,5.80187,0.273994,195.803,0.5575
65185.8,5.39144,13750,12250,13750,12250,273.44,5,0.490615,185.479,5.16001,5.01738,4.63698,0.355329,152.22,0.4285
65399.8,4.67176,13750,12250,13750,12250,271.836,5,0.84192,214.052,0.56001,0.515748,5.35131,0.302974,185.684,0.9037
65553.6,6.50221,13750,12250,13750,12250,270.695,4,0.686768,153.794,1.68001,1.5923,3.84485,0.424029,125.531,0.435
65693.8,7.13138,13776.9,12273.9,13769.6,12267.6,270.642,4,0.1924,140.225,0.99,0.723492,3.50563,0.457372,122.339,0.3694
66244.8,1.81498,13821.4,12314.2,13812.7,12305.9,268.255,5,0,550.97,2.64,2.31,6.25,0.247921,155.564,0.858
66472.7,4.38806,13856.9,12362.1,13855.3,12358.8,268.214,5,0.697275,227.891,4.29,4.1901,5.69728,0.280464,200.262,0.3929
66715,4.12635,13861.7,12421,13863.5,12409.2,268.06,5,0,242.345,5.94,5.61,6.05862,0.258737,214.19,0.3902
66908,5.18373,13842.5,12464.7,13843.6,12462.9,267.955,4,0.822785,192.911,1.26,1.20152,4.82278,0.340898,169.402,0.5066
67103.9,5.10297,13803.1,12509.8,13805.5,12507.5,268.148,5,0.72189,195.964,2.91,2.81822,4.89911,0.335141,169.794,0.3958
67378.6,3.64084,13756.2,12547.1,13766.3,12540.6,267.79,5,0,274.662,4.56,4.23,6.25,0.247921,207.834,0.5142
67617.3,4.1881,13698.3,12551.9,13698.7,12552,267.64,5,0.969293,238.772,0.209999,0.209999,5.96929,0.263946,188.221,0.4506
67827.7,4.75303,13640.5,12551.6,13651.4,12546.7,267.679,5,0,210.392,1.86,1.53,5.25981,0.309223,180.516,0.4718
68055,4.40019,13599,12594.6,13601.5,12591.7,267.651,5,0.681575,227.263,3.51,3.40492,5.68157,0.281448,195.117,0.5977
68349.3,3.39791,13559.6,12639.9,13567.7,12631,267.175,5,0,294.299,5.16,4.83,6.25,0.247921,259.615,0.6925
68560.9,4.72637,13517.6,12682.7,13523.6,12676.7,267.262,5,0.289472,211.579,0.809999,0.575525,5.28947,0.307183,175.46,0.4137
68793.3,4.30201,13475,12724.9,13483.5,12716.5,267.209,5,0,232.449,2.46,2.13,5.81123,0.273422,202.349,0.6093
69049.8,3.8984,13450,12750,13450,12750,266.383,5,0,256.516,0.84,0.56,6.25,0.247921,181.891,1.1707
69249.3,5.01367,13450,12750,13450,12750,265.066,4,0.986363,199.454,1.96,1.95618,4.98636,0.328679,172.05,0.4375
69446.4,5.07451,13450,12750,13450,12750,263.778,5,0.91295,197.064,3.36,3.33563,4.92659,0.333092,173.104,0.423
69708.8,3.80986,13450,12750,13450,12750,262.081,5,0,262.477,4.76,4.48,6.25,0.247921,235.336,0.437
69963.7,3.92356,13450,12750,13450,12750,260.454,5,0,254.87,0.160001,0.160001,6.25,0.247921,227.838,0.5119
70160.4,5.08438,13450,12750,13450,12750,259.212,4,0.91702,196.681,1.28,1.25677,4.91702,0.333804,166.079,0.5068
70431.7,3.68607,13450,12750,13450,12750,257.519,5,0,271.291,2.68,2.4,6.25,0.247921,181.374,1.1362
70626.4,5.1359,13450,12750,13450,12750,256.317,4,0.867697,194.708,3.8,3.76296,4.8677,0.337498,162.939,0.4311
70804,5.63116,13450,12750,13450,12750,255.231,5,0.307283,177.583,5.2,5.00604,4.43959,0.37133,160.823,0.4362
71028.6,4.4512,13450,12750,13450,12750,253.869,5,0.923745,224.659,0.600003,0.578651,5.61646,0.285567,196.128,0.4273
71203.8,5.71028,13450,12750,13450,12750,252.818,5,0.301812,175.123,2,1.80451,4.37807,0.376462,151.825,0.4575
71378.7,5.71489,13450,12750,13450,12750,251.777,4,0.67635,174.982,3.12,3.02938,4.37454,0.376759,150.05,0.4079
71562.5,5.44313,13450,12750,13450,12750,250.692,5,0.269293,183.718,4.52,4.3154,4.59294,0.358838,163.67,0.4489
71755.2,5.18705,13450,12750,13450,12750,249.565,5,0.088985,192.788,5.92,5.66492,4.81969,0.341133,166.444,0.8575
72026.9,3.68134,13450,12750,13450,12750,247.992,5,0,271.64,1.32,1.04,6.25,0.247921,169.567,0.5042
72326.1,3.34237,13450,12750,13450,12750,246.284,5,0,299.189,2.72,2.44,6.25,0.247921,266.902,0.7348
72584,3.87758,13450,12750,13450,12750,244.829,5,0,257.893,4.12,3.84,6.25,0.247921,217.486,0.5381
72815.1,4.3265,13450,12750,13450,12750,243.541,5,0.778347,231.134,5.52001,5.45794,5.77835,0.275436,196.436,0.4296
73012.4,5.06829,13450,12750,13450,12750,242.451,5,0.710975,197.305,0.920006,0.839079,4.93263,0.332643,173.024,0.8207
73192.4,5.55707,13450,12750,13450,12750,241.466,5,0.209747,179.951,2.32001,2.09873,4.49877,0.366458,154.814,0.7974
73463.1,3.69334,13450,12750,13450,12750,239.999,5,0,270.758,3.72001,3.44001,6.25,0.247921,179.902,0.5967
73647,5.43791,13450,12750,13450,12750,239.012,4,0.597355,183.894,4.84001,4.72727,4.59735,0.358484,156.394,0.4513
73862.3,4.64488,13450,12750,13450,12750,237.868,5,0.979622,215.291,0.240007,0.240007,5.38227,0.300888,194.423,0.7112
74056.4,5.15111,13450,12750,13450,12750,236.845,5,0.83295,194.133,1.64001,1.59323,4.85333,0.338582,164.592,0.6486
74304.2,4.03591,13450,12750,13450,12750,235.552,5,0,247.775,3.04001,2.76001,6.19439,0.251016,204.738,0.4333
74524.5,4.54026,13450,12750,13450,12750,234.415,5,0.50629,220.252,4.44001,4.30177,5.50629,0.292675,193.032,0.4336
74713.1,5.30067,13450,12750,13450,12750,233.45,5,0.222675,188.655,5.84001,5.62236,4.71638,0.349088,165.765,0.4576
75007.7,3.39463,13450,12750,13450,12750,231.958,5,0,294.583,1.24001,0.960009,6.25,0.247921,205.742,0.3547
75206.6,5.02827,13450,12750,13450,12750,230.962,4,0.971888,198.875,2.36001,2.35214,4.97189,0.329742,170.902,0.4931
75437.2,4.33587,13450,12750,13450,12750,229.817,5,0,230.634,3.76001,3.48001,5.76585,0.276205,200.256,0.4863
75624.6,5.33681,13450,12750,13450,12750,228.895,4,0.684445,187.378,4.88001,4.79165,4.68444,0.351585,155.574,0.4733
75803.9,5.5764,13450,12750,13450,12750,228.02,5,0.167623,179.327,0.28001,0.0469443,4.48318,0.367735,159.354,0.4338
76020.3,4.62089,13450,12750,13450,12750,226.972,5,0.577835,216.409,1.68001,1.5618,5.41021,0.299017,191.214,0.5154
76194.1,5.75301,13450,12750,13450,12750,226.138,4,0.923388,173.822,2.80001,2.77856,4.34555,0.379204,147.406,0.3876
76431.6,4.21154,13450,12750,13450,12750,225.008,5,0,237.443,4.20001,3.92001,5.93608,0.26591,164.845,0.5503
76640.9,4.77836,13450,12750,13450,12750,224.022,5,0.231925,209.277,5.60001,5.38495,5.23193,0.311153,175.642,0.4206
76827.9,5.34735,13450,12750,13450,12750,223.148,4,0.907135,187.008,0.720011,0.694009,4.67521,0.35231,159.06,0.4193
77038.2,4.75446,13450,12750,13450,12750,222.173,5,0,210.329,2.12001,1.84001,5.25822,0.309333,185.919,0.4029
77234.2,5.10289,13450,12750,13450,12750,221.272,4,0.899185,195.967,3.24001,3.21178,4.89919,0.335135,169.533,0.7366
77457.7,4.47455,13450,12750,13450,12750,220.253,5,0,223.486,4.64001,4.36001,5.58715,0.287441,197.148,0.4641
77631,5.76994,13450,12750,13450,12750,219.47,4,0.332797,173.312,5.76001,5.5732,4.3328,0.380284,149.851,0.3961
77889.8,3.8632,13450,12750,13450,12750,218.31,5,0,258.853,1.16001,0.880013,6.25,0.247921,191.105,0.4752
78085.3,5.11672,13450,12750,13450,12750,217.442,4,0.88594,195.438,2.28001,2.24808,4.88594,0.336127,163.438,0.4509
78271.8,5.36055,13450,12750,13450,12750,216.621,5,0.549643,186.548,3.68001,3.55391,4.6637,0.353216,165.494,0.4239
78466,5.14898,13450,12750,13450,12750,215.772,5,0.404975,194.213,5.08001,4.91341,4.85533,0.338431,157.379,0.6162
78644.8,5.59349,13450,12750,13450,12750,214.996,4,0.874455,178.779,0.200014,0.200014,4.46948,0.368861,155.966,0.475
78808.8,6.09854,13450,12750,13450,12750,214.29,4,0.973798,163.974,1.32001,1.31268,4.09934,0.40062,143.379,0.4327
79020.4,4.72597,13450,12750,13450,12750,213.385,5,0,211.597,2.72001,2.44001,5.28992,0.307152,183.781,0.5544
79212,5.21772,13450,12750,13450,12750,212.572,4,0.791367,191.655,3.84001,3.7816,4.79137,0.343296,164.392,0.5698
79483.8,3.67948,13450,12750,13450,12750,211.43,5,0,271.777,5.24002,4.96001,6.25,0.247921,175.685,0.431
79698.3,4.66228,13450,12750,13450,12750,210.537,5,0.362182,214.487,0.640016,0.461427,5.36218,0.302239,173.073,0.4002
79907.8,4.77382,13450,12750,13450,12750,209.672,5,0.599075,209.476,2.04002,1.92776,5.23689,0.310808,184.682,0.4462
80105.9,5.0474,13450,12750,13450,12750,208.861,5,0.552122,198.122,3.44002,3.31461,4.95305,0.331131,165.282,0.4802
80277.6,5.82294,13450,12750,13450,12750,208.163,4,0.845485,171.735,4.56002,4.51675,4.29336,0.383646,148.626,0.3872
80448.7,5.84501,13450,12750,13450,12750,207.472,5,0.122635,171.086,5.96002,5.71435,4.27715,0.385036,152.551,0.4081
80640.8,5.20584,13450,12750,13450,12750,206.701,4,0.92493,192.092,1.08002,1.059,4.8023,0.34246,169.511,0.4186
80841.6,4.98111,13450,12750,13450,12750,205.902,5,0.943892,200.759,2.48002,2.46431,5.01896,0.326296,157.925,0.3959
81070,4.37725,13450,12750,13450,12750,205.001,5,0,228.454,3.88002,3.60002,5.71134,0.279585,165.325,0.4436
81305.8,4.24031,13450,12750,13450,12750,204.078,5,0.895792,235.832,5.28002,5.25084,5.89579,0.268311,206.995,0.518
81480.7,5.71985,13450,12750,13450,12750,203.399,5,0.266537,174.83,0.680018,0.474649,4.37075,0.377078,140.934,0.4391
81660.7,5.55447,13450,12750,13450,12750,202.705,4,0.76742,180.035,1.80002,1.7349,4.50088,0.366285,153.073,0.3912
81825.3,6.07676,13450,12750,13450,12750,202.075,4,0.881458,164.562,2.92002,2.88683,4.11404,0.399309,142.31,0.4034
82049.4,4.46234,13450,12750,13450,12750,201.223,5,0,224.098,4.32002,4.04002,5.60244,0.286462,200.094,1.0966
82511.5,2.16396,13450,12750,13450,12750,199.488,5,0,462.117,5.72002,5.44002,6.25,0.247921,321.008,0.6562
82708.2,5.08298,13450,12750,13450,12750,198.759,4,0.91837,196.735,0.84002,0.817164,4.91837,0.333703,165.858,0.4414
82880.4,5.80709,13450,12750,13450,12750,198.124,5,0.223452,172.203,2.24002,2.02259,4.30508,0.382644,150.274,0.7159
83064.5,5.43333,13450,12750,13450,12750,197.451,4,0.824682,184.049,3.36002,3.31093,4.60123,0.358175,156.131,0.4924
83258.8,5.14702,13450,12750,13450,12750,196.745,5,0.68186,194.287,4.76002,4.67094,4.85718,0.338291,171.118,0.463
83459,4.99382,13450,12750,13450,12750,196.023,5,0.688045,200.247,0.160021,0.160021,5.00619,0.327228,166.535,0.4375
83641.9,5.46828,13450,12750,13450,12750,195.368,5,0.259867,182.873,1.56002,1.35278,4.57182,0.360533,157.411,0.4578
83864.8,4.48646,13450,12750,13450,12750,194.576,5,0.832187,222.893,2.96002,2.91303,5.57232,0.288394,167.194,0.5722
84069.4,4.88747,13450,12750,13450,12750,193.854,5,0.94731,204.605,4.36002,4.34527,5.11512,0.31937,160.581,0.5507
84265.4,5.10242,13450,12750,13450,12750,193.168,5,0.84695,195.986,5.76002,5.71717,4.89964,0.335101,164.384,0.454
84457.6,5.2021,13450,12750,13450,12750,192.5,5,0.652705,192.23,1.16002,1.06278,4.80576,0.342195,165.598,0.5681
84664.4,4.83607,13450,12750,13450,12750,191.786,5,0.822187,206.779,2.56002,2.51024,5.16948,0.315519,172.48,0.5237
84915.1,3.98764,13450,12750,13450,12750,190.927,5,0,250.775,3.96002,3.68002,6.25,0.247921,213.694,0.8687
85113.3,5.04542,13450,12750,13450,12750,190.254,4,0.954985,198.199,5.08002,5.06742,4.95499,0.330988,166.261,0.6278
85299.9,5.36038,13450,12750,13450,12750,189.624,5,0.61883,186.554,0.480024,0.373297,4.66385,0.353205,161.432,0.4356
85533.9,4.27274,13450,12750,13450,12750,188.841,5,0,234.042,1.88002,1.60002,5.85105,0.271004,162.232,0.5274
85715.2,5.51595,13450,12750,13450,12750,188.238,4,0.532313,181.292,3.00002,2.86907,4.53231,0.363725,153.986,0.451
85887.9,5.79114,13450,12750,13450,12750,187.668,4,0.849253,172.678,4.12002,4.07782,4.31694,0.381632,152.222,0.4384
86062.4,5.73014,13450,12750,13450,12750,187.095,5,0.21215,174.516,5.52003,5.29943,4.3629,0.377739,151.567,0.4593
86267.3,4.88005,13450,12750,13450,12750,186.426,5,0.335048,204.916,0.920026,0.733839,5.1229,0.318816,173.546,0.5496
86459.9,5.19221,13450,12750,13450,12750,185.802,5,0.149953,192.596,2.32003,2.08201,4.81491,0.341497,156.668,0.4864
86630.2,5.87236,13450,12750,13450,12750,185.254,4,0.407185,170.289,3.44003,3.27404,4.25723,0.386751,143.155,0.6344
86808.6,5.6063,13450,12750,13450,12750,184.684,4,0.866453,178.371,4.56003,4.52263,4.45927,0.369702,145.446,0.437
87031.3,4.49119,13450,12750,13450,12750,183.976,5,0,222.658,5.96003,5.68003,5.56645,0.288772,158.604,0.7098
87203.3,5.8119,13450,12750,13450,12750,183.433,4,0.301517,172.061,1.08003,0.884452,4.30152,0.382948,147.22,0.4581
87385.9,5.4757,13450,12750,13450,12750,182.86,4,0.867142,182.625,2.20003,2.16283,4.56563,0.361032,158.323,0.5101
87608,4.50265,13450,12750,13450,12750,182.168,5,0,222.091,3.60003,3.32003,5.55229,0.289686,197.569,0.5862
87854.8,4.05248,13450,12750,13450,12750,181.406,5,0,246.762,5.00003,4.72003,6.16906,0.252439,213.603,0.541
88072.7,4.58942,13450,12750,13450,12750,180.738,5,0.447307,217.892,0.400028,0.245275,5.44731,0.296552,185.721,0.4884
88275,4.94246,13450,12750,13450,12750,180.122,5,0.505512,202.328,1.80003,1.66157,5.05821,0.323452,169.966,0.5626
88553.5,3.59036,13450,12750,13450,12750,179.281,5,0,278.524,3.20003,2.92003,6.25,0.247921,183.024,0.4083
88762.5,4.78591,13450,12750,13450,12750,178.655,5,0.223662,208.946,4.60003,4.38265,5.22366,0.311727,181.932,0.4697
88937.2,5.7252,13450,12750,13450,12750,178.135,4,0.590325,174.667,5.72003,5.60532,4.36666,0.377422,147.955,0.4656
89098.5,6.19823,13450,12750,13450,12750,177.658,4,0.623738,161.336,0.84003,0.734677,4.03341,0.406558,141.395,0.4889
89327.7,4.36366,13450,12750,13450,12750,176.984,5,0,229.165,2.24003,1.96003,5.72914,0.278477,202.12,0.6389
89524.4,5.0818,13450,12750,13450,12750,176.409,4,0.919515,196.781,3.36003,3.33749,4.91952,0.333618,164.344,0.5276
89716.2,5.21465,13450,12750,13450,12750,175.853,5,0.713702,191.768,4.76003,4.67987,4.79419,0.34308,171.113,0.5574
90056.6,2.93804,13450,12750,13450,12750,174.874,5,0,340.362,0.160031,0.160031,6.25,0.247921,235.354,0.6367
90319.7,3.80063,13450,12750,13450,12750,174.125,5,0,263.114,1.56003,1.28003,6.25,0.247921,226.237,0.5024
90519.5,5.00399,13450,12750,13450,12750,173.56,4,0.99601,199.84,2.68003,2.67891,4.99601,0.327972,165.844,0.5417
90739.2,4.55203,13450,12750,13450,12750,172.944,5,0,219.682,4.08003,3.80003,5.49205,0.293606,191.417,0.4507
90919,5.56084,13450,12750,13450,12750,172.442,4,0.495725,179.829,5.20003,5.05884,4.49573,0.366707,150.731,0.4702
91115.7,5.08398,13450,12750,13450,12750,171.897,5,0.413132,196.696,0.600033,0.43571,4.91741,0.333775,176.613,0.511
91392.3,3.61515,13450,12750,13450,12750,171.136,5,0,276.614,2.00003,1.72003,6.25,0.247921,205.947,0.5774
91577.1,5.41164,13450,12750,13450,12750,170.631,4,0.619667,184.787,3.12003,3.01354,4.61967,0.356704,145.584,0.5467
91843.8,3.74985,13450,12750,13450,12750,169.908,5,0,266.677,4.52003,4.24003,6.25,0.247921,243.352,1.3201
92063.1,4.55926,13450,12750,13450,12750,169.318,5,0.483342,219.334,5.92003,5.77537,5.48334,0.294177,182.791,0.609
92252.7,5.27612,13450,12750,13450,12750,168.812,5,0.22167,189.533,1.32003,1.1021,4.73833,0.347383,156.668,0.7182
92504.5,3.97052,13450,12750,13450,12750,168.143,5,0,251.856,2.72003,2.44003,6.25,0.247921,218.779,1.1567
92737.9,4.28489,13450,12750,13450,12750,167.528,5,0.83446,233.378,4.12003,4.07368,5.83446,0.272008,199.522,0.924
93041.7,3.29141,13450,12750,13450,12750,166.735,5,0,303.822,5.52004,5.24004,6.25,0.247921,230.433,0.8302
93275.3,4.28049,13450,12750,13450,12750,166.13,5,0.840457,233.618,0.920036,0.875364,5.84046,0.271645,198.44,0.5807
93507.1,4.31505,13450,12750,13450,12750,165.534,5,0,231.747,2.32004,2.04004,5.79367,0.274495,189.514,0.763
93725.9,4.57107,13450,12750,13450,12750,164.975,5,0.469178,218.767,3.72004,3.57141,5.46918,0.295109,185.22,0.7233
93947.2,4.51819,13450,12750,13450,12750,164.414,5,0,221.327,5.12004,4.84004,5.53319,0.290923,182.405,0.5343
94135.7,5.30514,13450,12750,13450,12750,163.939,4,0.712412,188.496,0.240037,0.240037,4.71241,0.349398,157.164,1.3035
94390.2,3.9293,13450,12750,13450,12750,163.301,5,0,254.498,1.64004,1.36004,6.25,0.247921,207.184,0.9365
94599.6,4.77427,13450,12750,13450,12750,162.781,5,0.236398,209.456,3.04004,2.82623,5.2364,0.310843,168.849,0.4875
94813.2,4.68281,13450,12750,13450,12750,162.253,5,0.57507,213.547,4.44004,4.32106,5.33867,0.303829,183.269,0.9404
95012.3,5.02322,13450,12750,13450,12750,161.765,5,0.551957,199.076,5.84004,5.71459,4.97689,0.329374,168.61,0.5102
95204.5,5.20162,13450,12750,13450,12750,161.296,5,0.35815,192.248,1.24004,1.06032,4.80619,0.342162,162.275,0.692
95435.4,4.33175,13450,12750,13450,12750,160.736,5,0,230.853,2.64004,2.36004,5.77134,0.275867,198.754,0.4523
95663.3,4.38755,13450,12750,13450,12750,160.187,5,0.697935,227.917,4.04004,3.95546,5.69794,0.280423,199.079,0.5985
95922,3.86501,13450,12750,13450,12750,159.569,5,0,258.732,5.44004,5.16004,6.25,0.247921,178.327,0.7894
96128.3,4.84794,13450,12750,13450,12750,159.079,5,0.156825,206.273,0.84004,0.603951,5.15683,0.316411,174.788,0.6901
96388,3.85076,13450,12750,13450,12750,158.467,5,0,259.689,2.24004,1.96004,6.25,0.247921,217.69,0.448
96595.8,4.81175,13450,12750,13450,12750,157.98,5,0.195613,207.825,3.64004,3.41481,5.19561,0.313685,168.657,0.4742
96813.8,4.58741,13450,12750,13450,12750,157.473,5,0.645312,217.988,5.04004,4.94073,5.4497,0.296394,181.907,0.4669
97028,4.66742,13450,12750,13450,12750,156.978,5,0,214.251,0.440041,0.160041,5.35627,0.302638,177.623,0.4661
97261.6,4.2806,13450,12750,13450,12750,156.441,5,0.840307,233.612,1.84004,1.79533,5.84031,0.271654,198.994,0.7719
97575.6,3.18501,13450,12750,13450,12750,155.726,5,0,313.97,3.24004,2.96004,6.25,0.247921,187.923,0.5518
97820.1,4.08999,13450,12750,13450,12750,155.174,5,0,244.499,4.64004,4.36004,6.11248,0.255646,214.804,0.7053
98010.1,5.26444,13450,12750,13450,12750,154.747,4,0.748847,189.954,5.76004,5.68972,4.74885,0.346569,159.457,0.5718
98219.6,4.77332,13450,12750,13450,12750,154.279,5,0.986287,209.498,1.16004,1.1562,5.23744,0.31077,185.078,0.431
98470.8,3.97967,13450,12750,13450,12750,153.722,5,0,251.277,2.56004,2.28004,6.25,0.247921,213.788,0.5483
98659.5,5.29975,13450,12750,13450,12750,153.306,4,0.7172,188.688,3.68004,3.60086,4.7172,0.349025,160.453,0.545
98917.9,3.87036,13450,12750,13450,12750,152.741,5,0,258.374,5.08004,4.80004,6.25,0.247921,185.635,0.4434
99154.4,4.22935,13450,12750,13450,12750,152.226,5,0.91107,236.443,0.480044,0.455144,5.91107,0.267398,205.113,0.4555
99362.6,4.80218,13450,12750,13450,12750,151.777,5,0,208.239,1.88004,1.60004,5.20597,0.312961,177.754,0.4673
99549.8,5.34223,13450,12750,13450,12750,151.374,4,0.679693,187.188,3.00004,2.91036,4.67969,0.351958,153.171,0.4367
99795.8,4.06419,13450,12750,13450,12750,150.849,5,0,246.052,4.40004,4.12004,6.15129,0.253442,212.641,0.4913
100068,3.67137,13450,12750,13450,12750,150.272,5,0,272.378,5.80005,5.52005,6.25,0.247921,238.627,0.5268
100428,2.77685,13450,12750,13450,12750,149.515,5,0,360.12,1.20005,0.920046,6.25,0.247921,243.87,0.8117
100656,4.38661,13450,12750,13450,12750,149.04,5,0.699162,227.966,2.60005,2.51581,5.69916,0.280346,170.239,0.7372
100871,4.66606,13450,12750,13450,12750,148.596,5,0,214.313,4.00005,3.72005,5.35783,0.302533,186.19,0.4805
101147,3.61278,13450,12750,13450,12750,148.027,5,0,276.795,5.40005,5.12005,6.25,0.247921,232.202,0.5763
101377,4.35339,13450,12750,13450,12750,147.558,5,0.74265,229.706,0.800047,0.727989,5.74265,0.277639,195.171,0.5007
101580,4.92111,13450,12750,13450,12750,147.145,5,0.822802,203.206,2.20005,2.15043,5.08015,0.321871,165.442,0.5127
101781,4.97689,13450,12750,13450,12750,146.739,5,0.846022,200.929,3.60005,3.55693,5.02322,0.325987,170.008,0.4488
102104,3.10032,13450,12750,13450,12750,146.093,5,0,322.548,5.00005,4.72005,6.25,0.247921,198.698,0.6198
102338,4.26952,13450,12750,13450,12750,145.627,5,0.855462,234.219,0.400049,0.359578,5.85546,0.270737,174.963,0.4402
102558,4.54282,13450,12750,13450,12750,145.191,5,0,220.128,1.80005,1.52005,5.50319,0.292877,173.774,0.445
102767,4.79509,13450,12750,13450,12750,144.781,5,0.21367,208.547,3.20005,2.97988,5.21367,0.312423,173.532,0.7591
102970,4.92635,13450,12750,13450,12750,144.385,5,0.288422,202.99,4.60005,4.40081,5.07475,0.322259,153.822,0.3828
103164,5.1427,13450,12750,13450,12750,144.007,5,0.14968,194.45,5.00679e-05,5.00679e-05,4.86126,0.337983,161.422,0.4121
103406,4.12662,13450,12750,13450,12750,143.538,5,0,242.329,1.40005,1.12005,6.05822,0.25876,166.468,0.6322
103608,4.96521,13450,12750,13450,12750,143.151,5,0.035035,201.401,2.80005,2.52986,5.03504,0.325128,149.401,0.3866
103791,5.44837,13450,12750,13450,12750,142.8,4,0.623565,183.541,3.92005,3.81465,4.58853,0.359191,152.971,0.3936
103979,5.32324,13450,12750,13450,12750,142.443,5,0.319952,187.856,5.32005,5.12964,4.69639,0.350649,164.798,0.7405
104184,4.87912,13450,12750,13450,12750,142.055,5,0.443823,204.955,0.720051,0.564322,5.12387,0.318747,161.256,0.5354
104373,5.29019,13450,12750,13450,12750,141.699,5,0.16955,189.029,2.12005,1.88753,4.72573,0.348361,155.356,0.5963
104568,5.14361,13450,12750,13450,12750,141.335,5,0.029945,194.416,3.52005,3.24844,4.86039,0.338049,163.578,0.6667
104789,4.527,13450,12750,13450,12750,140.924,5,0.552368,220.897,4.92005,4.79471,5.52242,0.291623,172.126,0.3946
105007,4.5825,13450,12750,13450,12750,140.52,5,0,218.222,0.320053,0.0400529,5.45554,0.296008,154.403,0.3937
105214,4.81476,13450,12750,13450,12750,140.137,5,0.192365,207.695,1.72005,1.49392,5.19237,0.313912,174.881,0.3949
105397,5.47077,13450,12750,13450,12750,139.802,4,0.762105,182.79,2.84005,2.77344,4.56974,0.3607,154.383,0.3884
105579,5.49906,13450,12750,13450,12750,139.471,5,0.308338,181.849,4.24005,4.04639,4.54623,0.362597,142.607,0.4096
105795,4.63616,13450,12750,13450,12750,139.08,5,0.700735,215.696,5.64005,5.55626,5.3924,0.300208,185.192,0.4151
