t_ms,fps,hero_x,hero_y,hero_render_x,hero_render_y,hero_units_per_sec,steps,interp_alpha,frame_ms,hero_anim,hero_anim_render,eff_step,eff_decay,cpu_render_ms,swap_ms,terrain_ms,objects_ms,chars_ms,effects_ms
50257.8,6.51079,8008,18885,8008,18885,0,0,0,0,5.98281,5.98281,1,0.8,16.3975,0.0605,0,0,0,0
52471.4,0.451743,13450,12050,13450,12050,3946.82,5,0,2213.65,1.402,1.122,6.25,0.247921,16.3975,0.0605,0,0,0,0
53226.3,1.32464,13450,12050,13450,12050,2943.12,5,0,754.921,1.402,1.122,6.25,0.247921,16.1922,0.2063,1.71,8.3862,0.0052,0.0184
53417.8,5.22174,13450,12050,13450,12050,2764.76,4,0.787678,191.507,2.522,2.46255,4.78768,0.343579,149.442,0.0503,1.7404,8.2677,131.45,0.022
53593,5.70992,13450,12050,13450,12050,2619.58,5,0.166025,175.134,3.922,3.68849,4.37835,0.376439,167.395,0.0467,1.7111,8.115,149.394,0.0223
53774.6,5.50624,13450,12050,13450,12050,2484.31,4,0.70633,181.612,5.042,4.95977,4.54031,0.363077,168.896,0.0581,1.6734,9.0779,147.713,0.0195
53961.6,5.34588,13450,12050,13450,12050,2358.84,5,0.38283,187.06,0.442001,0.269194,4.6765,0.352209,172.653,0.054,1.6572,7.8158,151.761,0.0252
54142.4,5.53196,13450,12050,13450,12050,2249.07,4,0.902022,180.768,1.562,1.53457,4.51919,0.364792,165.268,0.0798,1.721,8.6879,146.231,0.0272
54328.3,5.37809,13450,12050,13450,12050,2146.34,5,0.550515,185.94,2.962,2.83615,4.64849,0.354417,174.665,0.0524,1.8008,8.5059,155.194,0.0206
54512.4,5.43388,13450,12050,13450,12050,2053.5,5,0.151283,184.031,4.362,4.12436,4.60077,0.358212,172.024,0.0432,1.9796,9.6559,151.16,0.0867
54690.1,5.62583,13450,12050,13450,12050,1971.15,4,0.595068,177.751,5.482,5.36862,4.44379,0.370982,161.025,0.0448,1.7525,7.6433,141.522,0.0686
54919.2,4.36551,13450,12050,13450,12050,1874.28,5,0,229.068,0.882003,0.602003,5.72671,0.278628,164.036,0.0484,1.7177,7.3292,141.268,0.102
55298.2,2.63818,13450,12050,13450,12050,1733.34,5,0,379.049,2.282,2.002,6.25,0.247921,177.042,0.0487,2.0605,7.9214,154.129,0.0819
55486.6,5.30783,13450,12050,13450,12050,1670.88,4,0.71002,188.401,3.402,3.32081,4.71002,0.349584,172.09,0.06,1.7244,9.793,147.511,0.0739
55679.3,5.19082,13450,12050,13450,12050,1611.51,5,0.526213,192.648,4.802,4.66934,4.81619,0.341399,174.646,0.0455,3.283,8.4921,152.016,0.0653
55867,5.32687,13450,12050,13450,12050,1557.58,5,0.219398,187.727,0.202004,0.202004,4.69318,0.3509,168.728,0.0447,1.6837,7.1543,148.737,0.076
56051.8,5.41262,13450,12050,13450,12050,1507.91,4,0.838235,184.753,1.322,1.27671,4.61884,0.35677,168.629,0.0647,1.6871,7.4743,149.632,0.0262
56239.4,5.3283,13450,12050,13450,12050,1460.6,5,0.530163,187.677,2.722,2.59045,4.69193,0.350999,169.356,0.0458,2.3503,8.5619,144.866,0.0472
56457,4.59589,13450,12050,13450,12050,1409.33,5,0.969808,217.586,4.122,4.11355,5.43964,0.29706,190.788,0.0428,1.7579,8.986,169.249,0.027
56647.2,5.25937,13450,12050,13450,12050,1367.39,5,0.723225,190.137,5.52201,5.44451,4.75342,0.346215,172.159,0.0438,1.6721,8.3413,150.667,0.0217
56840.4,5.17465,13450,12050,13450,12050,1327.25,5,0.55447,193.25,0.922006,0.797257,4.83124,0.340255,171.868,0.044,2.0813,8.1621,149.532,0.0291
57047.8,4.8213,13450,12050,13450,12050,1286.71,5,0.73979,207.413,2.32201,2.24915,5.18532,0.314406,190.542,0.0435,1.9266,8.2227,169.047,0.0213
57244.9,5.07561,13450,12050,13450,12050,1250.43,5,0.66531,197.021,3.72201,3.62829,4.92552,0.333171,179.525,0.0435,1.7259,9.2858,157.399,0.0222
57414.9,5.8819,13450,12050,13450,12050,1220.72,4,0.91564,170.013,4.84201,4.81839,4.25033,0.387347,154.49,0.0482,1.6738,7.7274,133.316,0.0226
57591.5,5.66166,13450,12050,13450,12050,1191.32,5,0.331308,176.627,0.242007,0.242007,4.41567,0.373317,162.023,0.0442,2.3808,8.5813,140.221,0.0297
58828.4,0.80844,13450,12050,13450,12050,1019.39,5,0,1236.95,1.64201,1.36201,6.25,0.247921,173.138,0.0479,1.6935,7.8885,152.789,0.0324
59028.5,4.99938,13450,12050,13450,12050,996.139,5,0.00062,200.025,3.04201,2.76218,5.00062,0.327635,183.095,0.0442,1.7338,8.6423,158.033,0.0212
59296.5,3.731,13450,12050,13450,12050,966.601,5,0,268.024,4.44201,4.16201,6.25,0.247921,251.992,0.0486,1.9112,7.9977,227.39,0.0378
59569.4,3.66389,13450,12050,13450,12050,938.269,5,0,272.934,5.84201,5.56201,6.25,0.247921,196.512,0.0884,2.146,10.1577,170.63,0.0278
59884.3,3.17551,13450,12050,13450,12050,907.576,5,0,314.91,1.24201,0.962008,6.25,0.247921,283.38,0.0434,2.0296,12.7121,254.934,0.0433
60085.2,4.97853,13450,12050,13450,12050,889.026,5,0.0215675,200.863,2.64201,2.36805,5.02157,0.326107,182.922,0.048,1.8168,10.1399,155.072,0.0391
60282.7,5.06438,13450,12050,13450,12050,871.515,4,0.958008,197.458,3.76201,3.75025,4.93644,0.332361,177.684,0.0749,1.7965,10.319,152.376,0.0387
60462.8,5.54966,13450,12050,13450,12050,856.127,5,0.46279,180.191,5.16201,5.01159,4.50478,0.365967,158.825,0.0427,1.7011,9.0172,138.078,0.0279
60647.2,5.42501,13450,12050,13450,12050,840.937,5,0.071075,184.331,0.56201,0.301911,4.60828,0.357611,163.981,0.0446,1.955,9.1262,139.85,0.0354
60837.3,5.25882,13450,12050,13450,12050,825.822,4,0.82499,190.157,1.68201,1.63301,4.75391,0.346177,162.051,0.0417,1.6725,7.9889,142.382,0.0235
61043.4,4.85183,13450,12050,13450,12050,810.041,5,0.97769,206.108,3.08201,3.07576,5.1527,0.316703,178.02,0.0486,1.6609,8.6658,156.937,0.0841
61245.8,4.94248,13450,12050,13450,12050,795.125,5,0,202.327,4.48201,4.20201,5.05819,0.323453,185.11,0.0592,1.7379,12.6344,158.151,0.0849
61456.8,4.73816,13450,12050,13450,12050,780.141,5,0.276305,211.052,5.88201,5.67938,5.27631,0.308087,193.499,0.0512,1.6662,7.4755,172.176,0.1828
61647.4,5.24723,13450,12050,13450,12050,767.087,5,0.0407275,190.577,1.28201,1.01341,4.76442,0.345366,170.709,0.0438,2.4308,8.822,148.755,0.073
61822.5,5.71034,13450,12050,13450,12050,755.472,4,0.418748,175.121,2.40201,2.23926,4.37802,0.376466,162.085,0.042,2.4177,10.5813,138.051,0.0656
62003.2,5.53486,13450,12050,13450,12050,743.851,4,0.93557,180.673,3.52201,3.50397,4.51682,0.364985,168.81,0.6403,1.6896,8.1207,148.064,0.1018
62138.7,7.38128,13450,12050,13450,12050,735.368,4,0.322515,135.478,4.64201,4.45232,3.38695,0.469647,120.929,0.5802,3.0958,5.7935,99.3734,0.1385
62265.9,7.85776,13450,12050,13450,12050,727.575,3,0.504083,127.263,5.48201,5.34316,3.18157,0.491671,110.69,0.4696,2.9206,6.4373,89.1422,0.1283
62414.9,6.71392,13450,12050,13450,12050,718.661,4,0.22769,148.944,0.602013,0.385766,3.72361,0.435657,121.973,0.4753,3.2639,6.0738,99.529,0.0231
62542.5,7.83528,13450,12050,13450,12050,711.195,3,0.418388,127.628,1.44201,1.27916,3.1907,0.49067,110.891,2.9855,2.9625,6.1553,87.3161,0.0269
62721.5,5.58616,13450,12050,13450,12050,700.98,4,0.89373,179.014,2.56201,2.53226,4.47534,0.368379,154.313,0.7641,4.4924,9.5238,121.746,0.0357
62929.5,4.80797,13450,12050,13450,12050,689.475,5,0,207.988,3.96201,3.68201,5.1997,0.313399,180.974,0.5907,4.9645,12.2764,150.965,0.0244
63076.9,6.78321,13450,12050,13450,12050,681.545,3,0.68557,147.423,4.80201,4.71397,3.68557,0.439371,123.546,0.4791,3.4861,7.2891,99.7542,0.0319
63198.3,8.24247,13450,12050,13450,12050,675.156,3,0.718642,121.323,5.64201,5.56323,3.03307,0.508235,109.023,0.411,2.9782,5.6477,88.2177,0.0197
63322.4,8.05338,13450,12050,13450,12050,668.739,3,0.822927,124.171,0.482014,0.432434,3.10429,0.500223,112.192,0.444,3.2962,6.3811,90.7001,0.0277
63436.6,8.76096,13450,12050,13450,12050,662.947,3,0.676495,114.143,1.32201,1.23143,2.85357,0.529006,104.891,0.422,2.8437,5.5677,84.7901,0.0276
63570.2,7.48523,13450,12050,13450,12050,656.294,4,0.0164075,133.596,2.44201,2.16661,3.33991,0.474601,122.976,0.4646,3.3868,6.4448,99.9622,0.0248
63686.6,8.59141,13450,12050,13450,12050,650.605,2,0.92629,116.395,3.00201,2.98138,2.90988,0.5224,104.295,0.449,2.8967,5.601,84.1197,0.0334
63854.1,5.96776,13450,12050,13450,12050,642.587,5,0.115465,167.567,4.40201,4.15434,4.18918,0.392669,142.014,0.4256,3.0171,5.7291,119.256,0.0281
63998.8,6.91358,13450,12050,13450,12050,635.823,3,0.731535,144.643,5.24201,5.16684,3.61607,0.446238,116.253,0.4525,4.1004,7.3304,92.9764,0.0283
64125.3,7.90341,13450,12050,13450,12050,630.022,3,0.894728,126.528,0.0820155,0.0820155,3.16319,0.493691,115.824,0.4274,3.5076,8.3624,92.2811,0.0217
64250.4,7.99175,13450,12050,13450,12050,624.388,4,0.0229525,125.129,1.20202,0.928442,3.12823,0.497558,113.861,0.5039,2.9363,5.5991,93.4653,0.0247
64386.2,7.36621,13450,12050,13450,12050,618.388,3,0.41683,135.755,2.04202,1.87873,3.39388,0.468921,119.916,0.4712,3.1147,7.9892,95.4732,0.0232
64516.9,7.64738,13450,12050,13450,12050,612.717,3,0.685923,130.764,2.88202,2.79407,3.26909,0.482161,119.901,0.602,3.4126,6.8961,96.0694,0.1715
64640.8,8.07192,13450,12050,13450,12050,607.44,3,0.78308,123.886,3.72202,3.66128,3.09716,0.501019,114.651,0.4256,3.0362,5.6947,93.7048,0.0232
64769.1,7.79351,13450,12050,13450,12050,602.069,3,0.990878,128.312,4.56202,4.55946,3.2078,0.488801,116.974,0.5036,3.5155,6.6998,94.447,0.0225
64914.4,6.88329,13450,12050,13450,12050,596.101,4,0.622863,145.279,5.68202,5.57642,3.63198,0.444656,132.121,0.4489,4.6619,8.2919,105.263,0.0486
65051.3,7.30589,13450,12050,13450,12050,590.585,4,0.0447575,136.876,0.802017,0.534549,3.4219,0.465998,116.27,0.4392,3.0794,6.1092,95.0425,0.0222
65186.8,7.38225,13450,12050,13450,12050,585.227,3,0.43126,135.46,1.64202,1.48277,3.3865,0.469693,117.917,0.4266,3.1741,5.8219,96.6029,0.1029
65315.1,7.79187,13450,12050,13450,12050,580.239,3,0.639732,128.339,2.48202,2.38114,3.20847,0.488728,118.219,0.4092,3.016,5.7265,97.1005,0.0819
65438.7,8.09247,13450,12050,13450,12050,575.516,3,0.729025,123.572,3.32202,3.24614,3.08929,0.501899,109.678,0.5376,3.0043,6.1049,88.4876,0.1421
65575.5,7.3101,13450,12050,13450,12050,570.376,4,0.14895,136.797,4.44202,4.20372,3.41992,0.466203,124.321,0.4461,2.8821,5.9521,101.908,0.2335
65699.5,8.0629,13450,12050,13450,12050,565.795,3,0.249573,124.025,5.28202,5.0719,3.10062,0.500632,109.035,0.5006,4.2842,6.5941,85.1676,0.0948
65820.1,8.29229,13450,12050,13450,12050,561.41,3,0.264423,120.594,0.122018,0.122018,3.01485,0.510306,108.771,0.4207,2.9452,5.5468,86.8136,0.0934
65946.7,7.89636,13450,12050,13450,12050,556.879,3,0.430438,126.641,0.962018,0.802541,3.16601,0.49338,112.421,0.4396,3.1582,6.0056,90.9678,0.0915
66065.9,8.39204,13450,12050,13450,12050,552.681,3,0.409452,119.161,1.80202,1.63666,2.97902,0.514403,109.268,0.4966,2.9824,7.2683,86.7201,0.0892
66192.8,7.88236,13450,12050,13450,12050,548.281,3,0.581092,126.866,2.64202,2.52472,3.17164,0.492761,116.916,0.5357,2.9366,5.499,94.0243,0.253
66315.5,8.14893,13450,12050,13450,12050,544.091,3,0.64898,122.716,3.48202,3.38373,3.06789,0.504302,111.539,0.5354,2.8356,5.5158,90.2729,0.1166
66434.8,8.37649,13450,12050,13450,12050,540.075,3,0.633523,119.382,4.32202,4.2194,2.98454,0.513769,106.516,0.4241,2.9172,5.6222,85.5991,0.0853
66565.4,7.65843,13450,12050,13450,12050,535.751,3,0.8979,130.575,5.16202,5.13343,3.26438,0.482669,116.263,0.4449,3.4203,7.1112,91.0967,0.0314
66681.7,8.60368,13450,12050,13450,12050,531.96,3,0.803635,116.229,0.00201988,0.00201988,2.90574,0.522884,105.179,0.4613,2.8429,6.0868,84.0198,0.0256
66799.5,8.4887,13450,12050,13450,12050,528.171,3,0.748728,117.804,0.84202,0.771664,2.94509,0.518312,104.264,0.4261,2.9555,5.499,83.8263,0.0339
66952.6,6.53156,13450,12050,13450,12050,523.328,4,0.576295,153.103,1.96202,1.84338,3.82757,0.425667,120.321,0.5509,2.9212,6.0155,99.0329,0.0534
67083.7,7.62269,13450,12050,13450,12050,519.247,3,0.855975,131.187,2.80202,2.76169,3.27968,0.481023,113.022,0.4543,4.0236,7.5711,89.3886,0.0219
67202,8.45785,13450,12050,13450,12050,515.624,3,0.811808,118.233,3.64202,3.58933,2.95583,0.517071,107.468,0.8647,2.8585,6.2292,84.5764,0.0205
67332.8,7.64659,13450,12050,13450,12050,511.675,4,0.08124,130.777,4.76202,4.50477,3.26943,0.482125,113.779,0.41,2.9768,6.9034,91.6286,0.0226
67461.6,7.76252,13450,12050,13450,12050,507.843,3,0.301845,128.824,5.60202,5.40654,3.2206,0.487406,112.624,0.4519,2.8934,5.8066,89.9597,0.0255
67579.1,8.51251,13450,12050,13450,12050,504.399,3,0.2387,117.474,0.442021,0.228857,2.93686,0.519265,104.216,0.4104,3.0788,5.4964,83.9259,0.0277
67695.8,8.56517,13450,12050,13450,12050,501.022,3,0.157497,116.752,1.28202,1.04612,2.9188,0.521362,105.474,0.6252,2.8558,5.5089,84.1707,0.0345
67812.8,8.55078,13450,12050,13450,12050,497.684,3,0.0812075,116.948,2.12202,1.86476,2.92371,0.520791,105.843,0.4794,2.872,5.5448,85.3602,0.0286
67929,8.60225,13450,12050,13450,12050,494.411,2,0.987423,116.249,2.68202,2.6785,2.90621,0.522828,105.716,0.4902,2.8998,5.6842,85.1915,0.0236
68043.3,8.74558,13450,12050,13450,12050,491.232,3,0.84601,114.344,3.52202,3.4789,2.85859,0.528414,106.123,0.4095,2.8531,5.5702,85.272,0.0303
68166.6,8.11406,13450,12050,13450,12050,487.851,3,0.927082,123.243,4.36202,4.3416,3.08107,0.502821,111.337,0.5352,2.9426,5.5152,90.6635,0.0245
68312.1,6.87444,13450,12050,13450,12050,483.921,4,0.56374,145.466,5.48202,5.35987,3.63666,0.444193,129.905,0.5902,2.8869,5.5388,106.394,0.0352
68458.4,6.8342,13450,12050,13450,12050,480.03,4,0.221815,146.323,0.602023,0.384131,3.65808,0.442075,119.564,0.5392,3.7784,6.6657,95.9837,0.0211
68577.2,8.41333,13450,12050,13450,12050,476.916,3,0.19329,118.859,1.44202,1.21614,2.97147,0.515269,105.66,0.572,3.1871,5.6099,84.6264,0.0756
68701.3,8.05865,13450,12050,13450,12050,473.707,3,0.295545,124.09,2.28202,2.08478,3.10226,0.50045,111.427,0.4276,2.9843,5.8957,90.5445,0.0228
68818.4,8.53978,13450,12050,13450,12050,470.718,3,0.223023,117.099,3.12202,2.90447,2.92748,0.520353,105.116,0.5702,2.8808,5.8942,83.8721,0.0295
68941,8.15902,13450,12050,13450,12050,467.63,3,0.287118,122.564,3.96202,3.76242,3.0641,0.504729,112.246,0.5276,2.9123,5.6952,91.0201,0.0234
69058.4,8.51903,13450,12050,13450,12050,464.711,3,0.221722,117.384,4.80202,4.58411,2.9346,0.519526,104.254,0.4221,2.9872,5.5585,83.6722,0.0362
69212.5,6.48806,13450,12050,13450,12050,460.932,4,0.074955,154.129,5.92202,5.66301,3.85323,0.423237,142.139,0.7495,3.0257,5.7354,108.886,0.0439
69382.2,5.8923,13450,12050,13450,12050,456.842,4,0.317782,169.713,1.04202,0.851003,4.24283,0.387996,141.063,0.4766,3.9153,9.892,115.111,0.026
69497.2,8.69372,13450,12050,13450,12050,454.11,3,0.193422,115.026,1.88202,1.65618,2.87564,0.526407,103.553,0.3884,2.8509,5.7583,83.0316,0.0239
69611.6,8.74287,13450,12050,13450,12050,451.427,3,0.052895,114.379,2.72202,2.45683,2.85947,0.52831,105.283,0.4411,2.8568,6.5445,84.0188,0.0222
69724.1,8.89294,13450,12050,13450,12050,448.819,2,0.864115,112.449,3.28202,3.24398,2.81122,0.534029,102.998,0.4316,2.9867,5.554,82.4162,0.0273
69843.9,8.34262,13450,12050,13450,12050,446.072,3,0.860775,119.866,4.12202,4.08304,2.99666,0.512382,103.465,0.4333,3.0533,5.6752,82.7459,0.0246
69975.8,7.58135,13450,12050,13450,12050,443.088,4,0.158342,131.903,5.24202,5.00636,3.29757,0.479107,113.545,0.4848,2.8731,5.6225,92.3688,0.025
70095.2,8.37891,13450,12050,13450,12050,440.422,3,0.142025,119.347,0.0820255,0.0820255,2.98368,0.513868,104.627,0.501,2.8431,5.8711,83.731,0.0246
70213.3,8.47008,13450,12050,13450,12050,437.817,3,0.09359,118.063,0.922026,0.668231,2.95157,0.517564,107.029,0.3964,2.9342,5.6083,85.3947,0.0341
70332.6,8.37747,13450,12050,13450,12050,435.213,3,0.077785,119.368,1.76203,1.50381,2.98419,0.513809,108.917,0.4302,2.945,6.3676,87.2813,0.0244
70456,8.10369,13450,12050,13450,12050,432.555,3,0.162797,123.401,2.60203,2.36761,3.08501,0.502379,113.925,0.4331,2.9596,5.5352,93.3361,0.0246
70581.7,7.95379,13450,12050,13450,12050,429.879,3,0.305955,125.726,3.44203,3.24769,3.14316,0.495903,116.135,0.4342,2.9401,5.6681,95.4751,0.0264
70703.4,8.217,13450,12050,13450,12050,427.32,3,0.348428,121.699,4.28203,4.09959,3.04247,0.50717,109.81,0.4495,2.8499,5.7524,88.9688,0.0325
70828.8,7.97938,13450,12050,13450,12050,424.717,3,0.481503,125.323,5.12203,4.97685,3.13307,0.49702,113.507,0.4212,2.8629,5.6292,92.9153,0.0916
70974.2,6.87655,13450,12050,13450,12050,421.735,4,0.117045,145.422,0.242027,0.242027,3.63554,0.444303,127.521,0.4196,4.4818,10.367,100.469,0.0829
71094.4,8.31811,13450,12050,13450,12050,419.302,3,0.122535,120.22,1.08203,0.836337,3.00549,0.511373,105.421,0.4315,3.0983,5.6079,84.5364,0.1375
71225.3,7.63788,13450,12050,13450,12050,416.684,3,0.395692,130.926,1.92203,1.75282,3.27316,0.481724,119.418,0.5449,2.93,6.5678,94.3765,0.1242
71407.3,5.49622,13450,12050,13450,12050,413.099,4,0.944275,181.943,3.04203,3.02642,4.54858,0.362407,129.207,0.5679,4.005,8.9899,97.7154,0.1525
71525.4,8.46408,13450,12050,13450,12050,410.804,3,0.897933,118.146,3.88203,3.85345,2.95366,0.517322,106.675,0.4852,2.878,5.9199,84.527,0.146
71641.3,8.63151,13450,12050,13450,12050,408.579,3,0.794298,115.855,4.72203,4.66443,2.89636,0.523978,104.989,0.453,2.9531,5.5119,83.7288,0.1669
71759.6,8.45308,13450,12050,13450,12050,406.331,3,0.7518,118.3,5.56203,5.49253,2.9575,0.516878,107.364,0.4748,2.8893,5.5358,86.1848,0.0755
71873.9,8.74865,13450,12050,13450,12050,404.182,3,0.609385,114.303,0.402028,0.292656,2.85758,0.528532,103.536,0.4214,2.8405,5.6432,82.9446,0.0828
71988.2,8.7506,13450,12050,13450,12050,402.057,3,0.466332,114.278,1.24203,1.0926,2.85695,0.528607,103.941,0.7967,2.8464,5.5145,82.8972,0.1254
72117.6,7.72513,13450,12050,13450,12050,399.676,3,0.702523,129.448,2.08203,1.99873,3.23619,0.485714,117.712,0.4995,3.4406,6.2392,93.7989,0.2011
72233.7,8.6129,13450,12050,13450,12050,397.564,3,0.605145,116.105,2.92203,2.81147,2.90262,0.523247,105.082,0.4033,3.2909,6.002,83.113,0.1563
72377.7,6.9438,13450,12050,13450,12050,394.976,4,0.20548,144.013,4.04203,3.81956,3.60033,0.447808,133.158,0.4646,2.844,5.5932,109.753,0.1654
72496.1,8.44525,13450,12050,13450,12050,392.873,3,0.165725,118.41,4.88203,4.64843,2.96024,0.516562,103.903,0.4108,2.9721,5.515,82.5334,0.1723
72614.8,8.42498,13450,12050,13450,12050,390.787,3,0.13309,118.695,5.72203,5.47929,2.96737,0.515742,106.868,0.4835,2.8623,5.6742,84.7184,0.1375
72731,8.60874,13450,12050,13450,12050,388.767,3,0.037115,116.161,0.56203,0.292422,2.90403,0.523083,104.997,0.4647,2.8638,5.5245,83.9881,0.1496
72856.3,7.98017,13450,12050,13450,12050,386.611,3,0.16988,125.311,1.40203,1.1696,3.13277,0.497054,105.519,0.437,2.9651,5.6202,84.2201,0.1636
72988.9,7.54143,13450,12050,13450,12050,384.356,3,0.484903,132.601,2.24203,2.0978,3.31502,0.477245,106.436,0.4316,3.1452,5.6599,83.7942,0.1219
73105,8.61693,13450,12050,13450,12050,382.404,3,0.386167,116.051,3.08203,2.91016,2.90126,0.523406,107.078,0.4737,2.969,5.6237,84.4378,0.163
73223.1,8.46214,13450,12050,13450,12050,380.436,3,0.340503,118.173,3.92203,3.73737,2.95433,0.517244,107.675,0.4378,2.975,5.7662,85.8689,0.0871
73347.1,8.06938,13450,12050,13450,12050,378.394,3,0.438635,123.925,4.76203,4.60485,3.09813,0.50091,112.079,0.4317,3.5172,5.6902,89.5801,0.1814
73465.6,8.43372,13450,12050,13450,12050,376.461,3,0.402925,118.572,5.60203,5.43485,2.96429,0.516096,107.665,0.4275,3.134,5.5757,86.0229,0.0972
73580.8,8.68243,13450,12050,13450,12050,374.602,3,0.282302,115.175,0.442031,0.241076,2.87938,0.525968,104.29,0.402,2.8409,5.6649,82.5143,0.0373
73695.7,8.70617,13450,12050,13450,12050,372.766,3,0.15383,114.861,1.28203,1.0451,2.87153,0.52689,105.282,0.4948,2.9958,5.5138,83.0535,0.0259
73849.4,6.50343,13450,12050,13450,12050,370.336,3,0.997953,153.765,2.12203,2.12146,3.84412,0.424098,143.151,0.4744,2.9827,28.1053,99.3261,0.0272
73972,8.16055,13450,12050,13450,12050,368.423,4,0.0614725,122.541,3.24203,2.97924,3.06352,0.504794,111.756,0.4649,2.9219,8.4646,87.2797,0.0232
74100,7.81287,13450,12050,13450,12050,366.445,3,0.26132,127.994,4.08203,3.8752,3.19985,0.489669,115.728,0.5349,2.8541,7.5841,90.4762,0.219
74227.2,7.85774,13450,12050,13450,12050,364.499,3,0.442895,127.263,4.92203,4.76604,3.18158,0.49167,115.517,0.4627,2.9046,8.0207,91.0103,0.1339
74364.5,7.28606,13450,12050,13450,12050,362.424,3,0.874105,137.248,5.76203,5.72678,3.43121,0.46503,111.284,0.4687,2.9664,8.136,87.0644,0.1187
74488.9,8.03816,13450,12050,13450,12050,360.563,3,0.98427,124.407,0.602033,0.597628,3.11017,0.499567,109.793,0.4825,2.8584,7.631,86.6259,0.088
74616.2,7.85365,13450,12050,13450,12050,358.678,4,0.167502,127.329,1.72203,1.48893,3.18323,0.491488,118.323,0.6081,2.8651,7.7212,88.3621,0.1887
74761.7,6.87558,13450,12050,13450,12050,356.55,3,0.80356,145.442,2.56203,2.50703,3.63606,0.444252,131.154,0.4634,3.2855,10.1273,105.018,0.0922
74882.1,8.30225,13450,12050,13450,12050,354.805,3,0.814793,120.449,3.40203,3.35017,3.01123,0.510718,110.836,0.4338,2.9445,7.8215,87.6556,0.1226
75000.8,8.42307,13450,12050,13450,12050,353.103,3,0.78283,118.721,4.24203,4.18122,2.96804,0.515665,107.852,0.4743,2.9812,7.8134,84.8674,0.1392
75127.2,7.91221,13450,12050,13450,12050,351.309,3,0.942505,126.387,5.08203,5.06593,3.15967,0.494078,114.845,0.576,2.8776,7.6723,88.9687,0.1654
75249.8,8.15539,13450,12050,13450,12050,349.585,4,0.0079625,122.618,0.202034,0.202034,3.06546,0.504576,110.028,0.4305,2.9445,8.11,86.7203,0.1255
75373.1,8.11522,13450,12050,13450,12050,347.87,3,0.0885925,123.225,1.04203,0.78684,3.08063,0.50287,108.53,0.4859,2.8676,7.6617,85.9585,0.0812
75491.5,8.44116,13450,12050,13450,12050,346.237,3,0.05027,118.467,1.88203,1.61611,2.96168,0.516397,108.924,0.4662,2.9029,7.7648,85.6453,0.1384
75618.2,7.89452,13450,12050,13450,12050,344.507,3,0.217025,126.67,2.72203,2.5028,3.16675,0.493298,116.219,0.4462,2.9052,7.9902,93.4428,0.0852
75738,8.34925,13450,12050,13450,12050,342.888,3,0.211305,119.771,3.56203,3.3412,2.99428,0.512654,109.926,0.4763,2.9886,8.7776,86.0147,0.0279
75880.6,7.01137,13450,12050,13450,12050,340.979,3,0.776942,142.625,4.40203,4.33958,3.56564,0.451288,110.816,0.4688,2.8545,7.8037,87.7474,0.0221
76010.1,7.72336,13450,12050,13450,12050,339.265,4,0.013875,129.477,5.52204,5.24592,3.23693,0.485634,114.02,0.4569,2.8938,7.8296,91.1454,0.0234
76141.7,7.59491,13450,12050,13450,12050,337.539,3,0.305555,131.667,0.362036,0.167591,3.29168,0.479737,116.962,0.4969,2.8548,7.7135,89.229,0.0299
76268.9,7.86151,13450,12050,13450,12050,335.888,3,0.485608,127.202,1.20204,1.05801,3.18005,0.491837,116.56,0.4802,3.7455,8.6683,91.5301,0.0372
76405.6,7.31769,13450,12050,13450,12050,334.133,3,0.901985,136.655,2.04204,2.01459,3.41638,0.466572,124.525,0.4479,3.0728,7.7561,101.405,0.0243
76531.8,7.92068,13450,12050,13450,12050,332.527,4,0.05828,126.252,3.16204,2.89835,3.1563,0.494451,114.781,0.6132,3.2538,8.4073,90.5168,0.0256
76655.9,8.06285,13450,12050,13450,12050,330.965,3,0.158922,124.026,4.00204,3.76653,3.10064,0.50063,108.518,0.5775,2.8848,7.9616,85.7885,0.0205
76776.2,8.31272,13450,12050,13450,12050,329.464,3,0.166362,120.298,4.84204,4.60862,3.00744,0.511151,108.915,0.4349,2.8526,7.7661,86.5598,0.0231
76895.8,8.35879,13450,12050,13450,12050,327.984,3,0.157225,119.635,5.68204,5.44606,2.99086,0.513045,108.576,0.4573,2.9516,7.6816,85.9003,0.0279
77015.6,8.34851,13450,12050,13450,12050,326.516,3,0.151772,119.782,0.522037,0.284534,2.99455,0.512623,108.018,0.5007,2.8529,7.8637,85.2187,0.0262
77139.7,8.05651,13450,12050,13450,12050,325.008,3,0.254853,124.123,1.36204,1.1534,3.10308,0.500358,112.787,0.6957,2.8497,7.5982,89.5703,0.0603
77258,8.4512,13450,12050,13450,12050,323.584,3,0.213013,118.326,2.20204,1.98168,2.95816,0.516803,108.151,0.4349,2.8706,7.8592,85.2949,0.0283
77395.9,7.25236,13450,12050,13450,12050,321.94,3,0.660165,137.886,3.04204,2.94688,3.44715,0.463379,110.236,0.4498,2.8596,7.9899,87.2977,0.0466
77514.7,8.42202,13450,12050,13450,12050,320.537,3,0.628575,118.736,3.88204,3.77804,2.96841,0.515622,107.893,0.4879,2.9779,7.8697,85.2742,0.0247
77637.1,8.16621,13450,12050,13450,12050,319.104,3,0.68997,122.456,4.72204,4.63523,3.06139,0.505033,109.959,0.5203,2.8473,7.6273,87.5812,0.0259
77762.1,8.00207,13450,12050,13450,12050,317.654,3,0.814162,124.968,5.56204,5.51,3.12419,0.498006,110.837,0.4684,3.0064,8.0819,88.0021,0.0214
77888.1,7.93331,13450,12050,13450,12050,316.205,3,0.965433,126.051,0.402038,0.392359,3.15127,0.495006,114.321,0.7048,2.8817,7.6172,86.4085,0.023
78020.5,7.55282,13450,12050,13450,12050,314.697,4,0.275452,132.401,1.52204,1.31917,3.31002,0.477778,115.042,0.5093,3.2106,8.9515,91.2041,0.0833
78143,8.16537,13450,12050,13450,12050,313.315,3,0.337162,122.468,2.36204,2.17644,3.06171,0.504998,109.684,0.4489,2.849,7.7843,87.2013,0.118
78262.4,8.37724,13450,12050,13450,12050,311.979,3,0.321438,119.371,3.20204,3.01204,2.98428,0.5138,109.318,0.4186,2.8588,7.7693,86.2973,0.1023
78381.9,8.36565,13450,12050,13450,12050,310.653,3,0.309848,119.536,4.04204,3.8488,2.98841,0.513326,108.572,0.471,2.8994,7.6377,85.6251,0.0959
78514.5,7.53892,13450,12050,13450,12050,309.195,3,0.625973,132.645,4.88204,4.77731,3.31612,0.477127,120.425,0.4407,3.1214,7.6899,97.2024,0.139
78635.9,8.23856,13450,12050,13450,12050,307.872,3,0.660483,121.38,5.72204,5.62697,3.03451,0.508072,108.685,0.4684,2.8541,7.6934,85.6973,0.0829
78757.4,8.23411,13450,12050,13450,12050,306.56,3,0.696635,121.446,0.56204,0.477098,3.03615,0.507886,109.323,0.5337,2.9454,7.5114,86.4778,0.0921
78895.5,7.241,13450,12050,13450,12050,305.082,4,0.149195,138.102,1.68204,1.44381,3.45256,0.46282,110.252,0.8368,2.9008,7.6598,87.3749,0.0835
79018,8.16109,13450,12050,13450,12050,303.782,3,0.21251,122.533,2.52204,2.30154,3.06331,0.504817,109.815,0.5808,2.9301,7.6227,86.909,0.1059
79155,7.29951,13450,12050,13450,12050,302.342,3,0.637398,136.996,3.36204,3.26051,3.42489,0.465687,126.77,0.5028,3.0286,7.8054,103.015,0.1388
79339.3,5.42512,13450,12050,13450,12050,300.426,5,0.24559,184.328,4.76204,4.55081,4.60819,0.357619,168.688,0.484,3.1181,13.2645,137.496,0.1262
79477.8,7.22219,13450,12050,13450,12050,299.002,3,0.707145,138.462,5.60204,5.52004,3.46156,0.461892,117.468,0.455,3.2666,8.9204,92.3436,0.1685
79603.1,7.97746,13450,12050,13450,12050,297.725,3,0.840975,125.353,0.442041,0.397514,3.13383,0.496936,113.185,0.6736,3.2762,7.8628,87.8709,0.1473
79744.5,7.07444,13450,12050,13450,12050,296.298,4,0.374822,141.354,1.56204,1.38699,3.53385,0.454501,129.475,0.472,3.2407,8.1814,104.983,0.1357
79880.3,7.36159,13450,12050,13450,12050,294.939,3,0.77083,135.84,2.40204,2.33787,3.39601,0.468698,123.106,0.4799,3.2087,8.203,97.6984,0.1451
80017.4,7.29618,13450,12050,13450,12050,293.581,4,0.197282,137.058,3.52204,3.29728,3.42645,0.465524,125.926,1.4056,3.0582,8.5633,95.7615,0.1488
80173,6.42847,13450,12050,13450,12050,292.054,4,0.0862325,155.558,4.64204,4.38619,3.88895,0.419877,140.793,0.4458,2.9655,9.7969,113.676,0.1448
80319.3,6.8349,13450,12050,13450,12050,290.632,3,0.743932,146.308,5.48204,5.41034,3.6577,0.442112,114.114,0.4551,3.1127,7.7102,90.3632,0.1142
80466.3,6.80208,13450,12050,13450,12050,289.218,4,0.41928,147.014,0.602043,0.439441,3.67535,0.440374,123.652,0.6369,3.0832,9.0199,96.7465,0.1121
80605.9,7.16461,13450,12050,13450,12050,287.888,3,0.908652,139.575,1.44204,1.41647,3.48937,0.459034,125.232,0.4657,2.8735,7.8498,99.244,0.0345
80729,8.1205,13450,12050,13450,12050,286.724,3,0.987283,123.145,2.28204,2.27848,3.07863,0.503095,111.779,0.4362,2.8755,7.9988,88.6919,0.0239
80867.2,7.23654,13450,12050,13450,12050,285.43,4,0.441972,138.188,3.40204,3.2458,3.45469,0.4626,127.21,0.4436,3.0668,8.0745,102.513,0.0253
80996.4,7.73698,13450,12050,13450,12050,284.23,3,0.673208,129.249,4.24204,4.15054,3.23124,0.486252,113.407,0.4186,2.9022,8.4446,90.0666,0.0249
81119.5,8.1273,13450,12050,13450,12050,283.097,3,0.74926,123.042,5.08204,5.01184,3.07605,0.503384,110.288,0.5386,2.856,7.6903,86.8536,0.0506
81240.6,8.25504,13450,12050,13450,12050,281.99,3,0.777713,121.138,5.92204,5.8598,3.02845,0.50876,107.957,0.4374,2.8816,7.8862,85.2203,0.0251
81363.6,8.13288,13450,12050,13450,12050,280.875,3,0.851655,122.958,0.762044,0.720507,3.07394,0.503621,109.774,0.4264,3.0249,7.7197,87.2475,0.0286
81492.2,7.77198,13450,12050,13450,12050,279.718,4,0.0683375,128.667,1.88204,1.62118,3.21668,0.487833,117.751,0.4604,2.8674,7.637,95.6608,0.0374
81615.4,8.11707,13450,12050,13450,12050,278.619,3,0.148265,123.197,2.72204,2.48356,3.07993,0.502949,109.121,0.4716,2.8663,7.6085,86.627,0.0255
81743,7.83822,13450,12050,13450,12050,277.49,3,0.337765,127.58,3.56204,3.37662,3.1895,0.490801,115.543,0.5488,2.9057,8.1713,92.7834,0.0231
81910.7,5.96252,13450,12050,13450,12050,276.02,4,0.530622,167.714,4.68204,4.55062,4.19286,0.392347,132.558,0.6104,2.9816,8.4581,106.735,0.033
82075.5,6.06788,13450,12050,13450,12050,274.59,4,0.650675,164.802,5.80205,5.70423,4.12005,0.398773,148.771,0.5802,3.3237,8.6041,120.149,0.0364
82261,5.39048,13450,12050,13450,12050,272.999,5,0.288482,185.512,1.20205,1.00282,4.63781,0.355263,165.176,0.8785,3.7549,12.2579,128.352,0.0677
82459.2,5.04755,13450,12050,13450,12050,271.319,5,0.241378,198.116,2.60205,2.38963,4.9529,0.331142,175.366,0.615,4.0406,12.0106,142.855,0.0445
82639,5.56075,13450,12050,13450,12050,269.812,4,0.73717,179.832,3.72205,3.64845,4.49579,0.366702,155.425,0.585,3.7746,10.0135,123.888,0.0446
82801.3,6.1626,13450,12050,13450,12050,268.467,4,0.7939,162.269,4.84205,4.78434,4.05673,0.404448,143.051,0.51,5.5649,9.8167,113.738,0.0322
82940.7,7.17327,13450,12050,13450,12050,267.322,4,0.27906,139.406,5.96205,5.76018,3.48516,0.459466,121.964,0.5616,3.6793,9.488,92.717,0.0451
83091.7,6.62176,13450,12050,13450,12050,266.092,4,0.05449,151.017,1.08205,0.817304,3.77543,0.430649,130.042,0.547,3.2873,10.7142,101.615,0.0236
83229.7,7.24656,13450,12050,13450,12050,264.978,3,0.504403,137.997,1.92205,1.78328,3.44991,0.463094,120.488,0.492,2.909,8.7365,94.5114,0.0258
83409.3,5.56844,13450,12050,13450,12050,263.543,4,0.99399,179.583,3.04205,3.04036,4.48959,0.36721,126.378,0.6089,3.3463,8.8613,100.582,0.0938
83529.5,8.31543,13450,12050,13450,12050,262.591,4,0.0004475,120.258,4.16205,3.88217,3.00646,0.511263,107.851,0.4641,2.8957,7.7049,85.1521,0.1011
83659.2,7.71134,13450,12050,13450,12050,261.571,3,0.242425,129.679,5.00205,4.78993,3.24198,0.485087,115.804,0.4471,3.0128,8.0888,92.2693,0.1107
83805,6.86052,13450,12050,13450,12050,260.435,3,0.886463,145.761,5.84205,5.81026,3.64404,0.443462,133.991,0.5,3.0144,8.3538,104.562,0.1882
83955,6.66361,13450,12050,13450,12050,259.275,4,0.638185,150.069,0.962048,0.86074,3.75172,0.432933,138.203,0.6749,3.0074,7.8597,104.373,0.3601
84144.1,5.28855,13450,12050,13450,12050,257.828,5,0.36538,189.088,2.36205,2.18435,4.72719,0.348247,166.542,0.9429,4.6548,12.8824,130.628,0.279
84272.2,7.80706,13450,12050,13450,12050,256.857,3,0.56761,128.089,3.20205,3.08098,3.20223,0.489409,112.397,0.4574,3.2178,7.9713,88.3842,0.1416
84395.8,8.09014,13450,12050,13450,12050,255.927,3,0.657793,123.607,4.04205,3.94623,3.09018,0.5018,112.39,0.5175,2.9923,7.7001,89.045,0.1205
84526.2,7.67101,13450,12050,13450,12050,254.953,3,0.916817,130.361,4.88205,4.85876,3.25903,0.483246,119.232,0.4684,3.0357,7.8778,95.4483,0.1275
84652.2,7.93538,13450,12050,13450,12050,254.019,4,0.067265,126.018,0.00204992,0.00204992,3.15045,0.495097,113.323,0.4277,2.8786,7.9378,89.4924,0.1152
84779.7,7.84514,13450,12050,13450,12050,253.081,3,0.25395,127.467,0.84205,0.633156,3.18669,0.491109,113.631,0.6753,2.963,7.8543,87.3735,0.1545
84945.6,6.02779,13450,12050,13450,12050,251.871,4,0.40141,165.898,1.96205,1.79444,4.14746,0.396342,139.463,0.4705,3.0226,11.4311,110.892,0.1013
85066.8,8.25173,13450,12050,13450,12050,250.994,3,0.431078,121.187,2.80205,2.64275,3.02967,0.508622,108.567,0.4769,2.9151,7.7853,85.2026,0.0316
85186.6,8.34217,13450,12050,13450,12050,250.133,3,0.4279,119.873,3.64205,3.48186,2.99682,0.512363,110.281,0.4373,2.9166,8.5665,86.5919,0.0245
85307.3,8.289,13450,12050,13450,12050,249.272,3,0.443945,120.642,4.48205,4.32635,3.01605,0.51017,108.996,0.485,2.9703,7.9635,85.5004,0.0326
85453.5,6.84048,13450,12050,13450,12050,248.236,4,0.09866,146.189,5.60205,5.34968,3.65472,0.442407,133.042,0.4868,2.8835,9.4982,108.326,0.0251
85607.1,6.51057,13450,12050,13450,12050,247.158,3,0.938568,153.596,0.442051,0.42485,3.83991,0.424497,136.984,0.4572,3.2992,8.8279,112.008,0.0973
85756,6.71205,13450,12050,13450,12050,246.12,4,0.663212,148.986,1.56205,1.46775,3.72464,0.435557,136.387,0.4429,3.1235,10.306,110.654,0.0849
85883.5,7.84581,13450,12050,13450,12050,245.24,3,0.849627,127.457,2.40205,2.35995,3.18641,0.491139,114.615,0.4688,3.0997,8.4348,91.1987,0.0836
86002.1,8.43344,13450,12050,13450,12050,244.426,3,0.814017,118.576,3.24205,3.18998,2.96439,0.516085,108.912,0.4695,2.8598,7.5903,86.6462,0.082
86126.5,8.03348,13450,12050,13450,12050,243.578,3,0.925995,124.479,4.08205,4.06133,3.11198,0.499365,114.134,0.5955,3.0106,7.5338,90.3394,0.1403
86257.6,7.62835,13450,12050,13450,12050,242.691,4,0.203242,131.09,5.20205,4.97896,3.27725,0.481285,116.911,0.4264,4.3387,11.9777,88.2778,0.1293
86395.8,7.23577,13450,12050,13450,12050,241.763,3,0.6583,138.202,0.0420527,0.0420527,3.45506,0.462562,109.004,0.533,2.8501,8.5162,85.4747,0.179
86516.8,8.26823,13450,12050,13450,12050,240.957,3,0.681922,120.945,0.882053,0.792991,3.02362,0.509308,109.595,0.6149,2.9451,7.5788,87.1534,0.0969
86635.1,8.45391,13450,12050,13450,12050,240.173,3,0.639132,118.288,1.72205,1.62101,2.95721,0.516912,108.119,0.4821,2.8479,7.5593,85.6326,0.0832
86753,8.47854,13450,12050,13450,12050,239.397,3,0.587755,117.945,2.56205,2.44662,2.94862,0.517904,108.647,0.5346,2.9509,7.889,85.2017,0.1068
86871.8,8.41977,13450,12050,13450,12050,238.62,3,0.556957,118.768,3.40205,3.278,2.9692,0.515531,109.409,0.4513,2.8496,7.6389,86.5783,0.1155
87007,7.39682,13450,12050,13450,12050,237.742,3,0.936787,135.193,4.24205,4.22435,3.37983,0.470393,124.075,0.4605,3.1296,8.0424,100.459,0.1124
87144,7.29677,13450,12050,13450,12050,236.859,4,0.36296,137.047,5.36205,5.18368,3.42617,0.465553,124.333,0.5299,2.8931,8.9383,99.0852,0.217
87269.9,7.94373,13450,12050,13450,12050,236.054,3,0.510098,125.885,0.202054,0.202054,3.14714,0.495463,108.298,0.4523,2.8779,7.7811,85.1412,0.1334
87392.3,8.16779,13450,12050,13450,12050,235.275,3,0.5709,122.432,1.04205,0.921906,3.0608,0.5051,110.892,0.5207,2.8541,7.7389,87.9624,0.1054
87511.3,8.40595,13450,12050,13450,12050,234.524,3,0.544985,118.963,1.88205,1.75465,2.97409,0.514969,108.287,0.4444,3.0073,7.7396,85.2899,0.1013
87629.7,8.44347,13450,12050,13450,12050,233.781,3,0.505853,118.435,2.72205,2.58369,2.96087,0.51649,108.752,0.4523,2.8894,7.7756,85.7756,0.1445
87756.8,7.87235,13450,12050,13450,12050,232.989,3,0.681522,127.027,3.56205,3.47288,3.17567,0.492318,117.343,0.5057,2.945,7.7755,94.2883,0.1046
87896.7,7.14559,13450,12050,13450,12050,232.123,4,0.180183,139.946,4.68205,4.45251,3.49866,0.458084,109.094,0.4561,2.8639,7.6047,86.1916,0.1478
88026.1,7.73023,13450,12050,13450,12050,231.328,3,0.41424,129.362,5.52206,5.35804,3.23406,0.485945,114.755,0.5006,2.8524,7.7424,91.5182,0.1146
88158.5,7.55367,13450,12050,13450,12050,230.519,3,0.72389,132.386,0.362056,0.284745,3.30965,0.477817,121.148,0.4492,2.8551,7.5945,97.2588,0.1323
88298.2,7.15586,13450,12050,13450,12050,229.673,4,0.21753,139.746,1.48206,1.26296,3.49364,0.458597,128.617,0.512,3.0571,11.5237,100.943,0.1479
88423.3,7.99347,13450,12050,13450,12050,228.92,3,0.345082,125.102,2.32206,2.13868,3.12755,0.497633,112.443,0.4546,2.992,7.8918,88.7278,0.1579
88541,8.49813,13450,12050,13450,12050,228.216,3,0.286907,117.673,3.16206,2.96239,2.94182,0.51869,108.583,0.4561,2.8952,7.9158,85.5523,0.0947
88658.6,8.49938,13450,12050,13450,12050,227.517,3,0.2283,117.656,4.00206,3.78598,2.94139,0.51874,107.731,0.4684,2.9752,7.5983,84.834,0.1038
88779,8.30829,13450,12050,13450,12050,226.806,3,0.237343,120.362,4.84206,4.62851,3.00904,0.510968,109.515,0.5119,2.9019,7.6887,86.1892,0.1749
88899.7,8.28526,13450,12050,13450,12050,226.098,3,0.254748,120.696,5.68206,5.47339,3.01741,0.510015,109.005,0.4848,2.8676,7.9725,85.7548,0.1473
89028,7.79266,13450,12050,13450,12050,225.349,3,0.462895,128.326,0.522057,0.371668,3.20815,0.488763,117.142,0.4648,2.8594,8.085,94.3209,0.1389
89179.4,6.60632,13450,12050,13450,12050,224.473,4,0.24715,151.37,1.64206,1.43126,3.78426,0.429801,139.956,0.59,3.0187,8.5622,112.298,0.146
89351.1,5.82369,13450,12050,13450,12050,223.487,4,0.53996,171.712,2.76206,2.63325,4.29281,0.383693,137.571,0.4489,4.6154,15.8219,104.606,0.107
89496.7,6.86697,13450,12050,13450,12050,222.657,4,0.180575,145.625,3.88206,3.65262,3.64061,0.443801,117.784,0.4694,3.2739,8.6039,93.9558,0.1433
89619.3,8.16014,13450,12050,13450,12050,221.964,3,0.244247,122.547,4.72206,4.51045,3.06367,0.504777,107.406,0.4403,2.8512,7.6482,84.7804,0.1232
89739.8,8.29816,13450,12050,13450,12050,221.287,3,0.256965,120.509,5.56206,5.35401,3.01272,0.510549,107.992,0.4406,2.9229,8.2972,84.5016,0.1444
89866.2,7.90794,13450,12050,13450,12050,220.58,3,0.418345,126.455,0.402058,0.239195,3.16138,0.49389,115.113,0.4694,2.8764,7.768,90.9349,0.1797
89988.1,8.20589,13450,12050,13450,12050,219.904,3,0.464938,121.864,1.24206,1.09224,3.04659,0.506704,109.644,0.4363,2.9885,7.9977,86.3157,0.1687
90107.8,8.35812,13450,12050,13450,12050,219.243,3,0.456042,119.644,2.08206,1.92975,2.99111,0.513017,109.156,0.5248,2.9117,7.8393,85.6414,0.1001
90237.9,7.68275,13450,12050,13450,12050,218.53,3,0.710087,130.162,2.92206,2.84088,3.25405,0.483783,120.037,0.4666,3.0043,8.3106,96.2945,0.1327
90364,7.93204,13450,12050,13450,12050,217.843,3,0.86186,126.071,3.76206,3.72338,3.15177,0.49495,115.933,0.5146,2.8562,7.8869,92,0.1744
90488.2,8.04846,13450,12050,13450,12050,217.17,3,0.968045,124.247,4.60206,4.59311,3.10618,0.500011,110.966,0.4493,2.9325,7.9374,87.7659,0.121
90607.6,8.37625,13450,12050,13450,12050,216.527,3,0.952675,119.385,5.44206,5.42881,2.98463,0.513759,107.841,0.45,2.8632,7.66,85.1169,0.0963
90727.9,8.31706,13450,12050,13450,12050,215.884,3,0.958545,120.235,0.28206,0.270453,3.00587,0.51133,108.585,0.4923,2.8758,7.7529,85.2762,0.1309
90858.1,7.67559,13450,12050,13450,12050,215.191,4,0.215625,130.283,1.40206,1.18243,3.25708,0.483455,108.701,0.4924,2.8559,7.6845,85.2019,0.2037
90989.8,7.59307,13450,12050,13450,12050,214.496,3,0.5081,131.699,2.24206,2.10433,3.29247,0.479652,108.611,0.4905,2.8765,7.5357,85.7234,0.1155
91109,8.39392,13450,12050,13450,12050,213.87,3,0.486445,119.134,3.08206,2.93826,2.97834,0.51448,109.533,0.5349,2.8563,7.7663,86.4589,0.1083
91283.3,5.73566,13450,12050,13450,12050,212.961,4,0.845137,174.348,4.20206,4.1587,4.35869,0.378093,163.468,0.5478,2.9209,7.7612,136.653,0.1229
91432.5,6.70333,13450,12050,13450,12050,212.19,4,0.574628,149.18,5.32206,5.20296,3.72949,0.435086,132.425,0.4767,3.363,8.3788,105.73,0.1755
91566.2,7.4813,13450,12050,13450,12050,211.503,3,0.916292,133.667,0.162061,0.162061,3.34167,0.474416,119.278,0.4883,2.9558,7.7658,95.6311,0.1262
91684.6,8.44045,13450,12050,13450,12050,210.898,3,0.87822,118.477,1.00206,0.967963,2.96193,0.516368,108.086,0.4381,2.8564,7.7695,84.8166,0.1337
91802.9,8.45732,13450,12050,13450,12050,210.298,3,0.83424,118.241,1.84206,1.79565,2.95602,0.517049,108.87,0.4797,2.9384,7.5586,85.2673,0.1116
91924.1,8.2471,13450,12050,13450,12050,209.686,3,0.865608,121.255,2.68206,2.64443,3.03137,0.508429,111.957,0.4407,2.8812,7.6846,86.8746,0.1727
92043.3,8.39371,13450,12050,13450,12050,209.088,3,0.844028,119.137,3.52206,3.47839,2.97842,0.514471,109.838,0.4374,2.8562,7.9205,86.3169,0.1406
92166.9,8.09071,13450,12050,13450,12050,208.471,3,0.93399,123.599,4.36206,4.34358,3.08996,0.501824,113.153,0.473,2.8992,8.2006,89.2286,0.1394
92288.3,8.2355,13450,12050,13450,12050,207.869,3,0.96963,121.426,5.20206,5.19356,3.03564,0.507944,110.016,0.4555,2.8999,7.8146,86.8891,0.1116
92432.1,6.95284,13450,12050,13450,12050,207.16,4,0.565285,143.826,0.322063,0.200343,3.59565,0.448276,112.043,0.5043,2.8999,8.2708,88.2362,0.0801
92566.9,7.41684,13450,12050,13450,12050,206.5,3,0.935992,134.828,1.16206,1.14414,3.37071,0.471351,119.777,0.4785,3.2664,10.404,92.7754,0.139
92684.9,8.4768,13450,12050,13450,12050,205.926,3,0.885217,117.969,2.00206,1.96992,2.94922,0.517834,108.408,0.4565,3.0508,7.51,85.7528,0.0246
92804,8.40039,13450,12050,13450,12050,205.35,3,0.86127,119.042,2.84206,2.80322,2.97605,0.514743,108.352,0.4596,2.8681,7.7495,85.4716,0.0237
92921.2,8.53151,13450,12050,13450,12050,204.786,3,0.791583,117.213,3.68206,3.62371,2.93031,0.520024,107.665,0.4493,2.9492,8.0389,84.4087,0.0392
93050.2,7.74848,13450,12050,13450,12050,204.168,4,0.01802,129.057,4.80206,4.52711,3.22644,0.486772,117.421,0.594,2.8433,8.3075,89.9732,0.0325
93199.4,6.70173,13450,12050,13450,12050,203.459,3,0.748398,149.215,5.64206,5.57161,3.73038,0.435,130.291,0.4731,4.378,11.5353,101.54,0.0291
93320.2,8.28403,13450,12050,13450,12050,202.888,3,0.766253,120.714,0.482064,0.416615,3.01785,0.509964,109.347,0.4725,2.8603,7.8257,84.9064,0.0275
93448.5,7.78994,13450,12050,13450,12050,202.285,3,0.97552,128.371,1.32206,1.31521,3.20927,0.488641,114.976,0.4514,3.3204,9.1605,90.0234,0.0302
93566.2,8.49699,13450,12050,13450,12050,201.735,3,0.91774,117.689,2.16206,2.13903,2.94222,0.518644,107.528,0.4575,2.8515,7.5903,84.7192,0.0241
93685.2,8.40239,13450,12050,13450,12050,201.183,3,0.893085,119.014,3.00206,2.97213,2.97534,0.514825,109.152,0.4442,2.9982,7.6362,86.3369,0.0258
93811.6,7.91116,13450,12050,13450,12050,200.599,4,0.0531775,126.404,4.12206,3.85695,3.16009,0.494032,108.2,0.467,2.8703,7.7291,85.2596,0.0283
93971.9,6.23786,13450,12050,13450,12050,199.863,4,0.0609625,160.311,5.24206,4.97913,4.00778,0.408889,112.085,0.5466,3.4085,8.0614,87.3052,0.0257
94104.4,7.55124,13450,12050,13450,12050,199.259,3,0.371677,132.429,0.0820656,0.0820656,3.31071,0.477704,117.406,0.5837,3.3544,8.0823,91.839,0.0494
94241,7.31672,13450,12050,13450,12050,198.64,3,0.78851,136.673,0.922066,0.862848,3.41683,0.466525,122.069,0.543,4.4429,9.3889,94.8686,0.034
94373.4,7.5567,13450,12050,13450,12050,198.044,4,0.0968325,132.333,2.04207,1.78918,3.30832,0.477959,122.268,0.4803,3.259,8.5721,96.3591,0.0352
94541.8,5.93845,13450,12050,13450,12050,197.291,4,0.306682,168.394,3.16207,2.96794,4.20985,0.390862,152.028,0.7201,3.1047,9.7387,122.906,0.0304
94749,4.82486,13450,12050,13450,12050,196.372,5,0.488178,207.26,4.56207,4.41876,5.1815,0.314674,184.811,0.6567,4.9365,14.2602,148.997,0.0645
94929.4,5.54478,13450,12050,13450,12050,195.579,4,0.996922,180.35,5.68207,5.68121,4.50875,0.365643,153.633,0.4682,3.8402,10.8635,124.493,0.0362
95056.4,7.87052,13450,12050,13450,12050,195.025,4,0.173332,127.056,0.802067,0.5706,3.17641,0.492237,111.487,0.5452,2.9589,8.2378,88.2596,0.024
95197.7,7.07993,13450,12050,13450,12050,194.412,3,0.704443,141.244,1.64207,1.55931,3.53111,0.454779,126.333,0.7055,3.3142,13.0795,97.3539,0.0243
95351,6.52254,13450,12050,13450,12050,193.751,4,0.537308,153.315,2.76207,2.63251,3.83286,0.425165,120.575,0.475,3.371,8.6854,95.0066,0.0373
95522.3,5.83642,13450,12050,13450,12050,193.017,4,0.820755,171.338,3.88207,3.83188,4.28345,0.384495,143.052,0.6462,3.011,7.7962,116.755,0.0368
95649,7.8967,13450,12050,13450,12050,192.479,3,0.986633,126.635,4.72207,4.71832,3.16588,0.493395,110.088,0.5107,3.5599,7.9754,86.2564,0.0269
95773.3,8.04138,13450,12050,13450,12050,191.953,4,0.09555,124.357,5.84207,5.58882,3.10892,0.499706,113.475,0.4578,2.8606,8.4991,90.0484,0.0221
95910.6,7.28732,13450,12050,13450,12050,191.376,3,0.526168,137.225,0.682068,0.549395,3.43062,0.465092,122.867,0.5519,2.8952,7.7794,99.1303,0.0356
96050.3,7.15421,13450,12050,13450,12050,190.792,4,0.0206125,139.778,1.80207,1.52784,3.49445,0.458515,128.732,0.5234,3.3117,8.8158,101.791,0.034
96185,7.42646,13450,12050,13450,12050,190.233,3,0.386955,134.654,2.64207,2.47042,3.36634,0.471811,121.683,0.4914,2.979,7.9241,97.6471,0.039
96318.1,7.51174,13450,12050,13450,12050,189.683,3,0.715078,133.125,3.48207,3.40229,3.32812,0.475852,121.274,0.4719,2.9961,8.2189,96.6184,0.0395
96457.7,7.16573,13450,12050,13450,12050,189.11,4,0.203908,139.553,4.60207,4.37916,3.48883,0.45909,126.911,0.4986,2.8847,8.2496,101.493,0.0344
96585.4,7.82911,13450,12050,13450,12050,188.588,3,0.39712,127.729,5.44207,5.27326,3.19321,0.490395,108.95,0.4478,3.0084,7.7488,86.5933,0.0259
96715.3,7.69842,13450,12050,13450,12050,188.061,3,0.64454,129.897,0.28207,0.182541,3.24742,0.484499,118.426,0.6363,2.882,7.9555,94.485,0.0209
96897.5,5.48792,13450,12050,13450,12050,187.326,5,0.200003,182.219,1.68207,1.45807,4.55546,0.361851,144.635,0.5925,3.683,14.5076,112.322,0.0251
97029,7.60323,13450,12050,13450,12050,186.8,3,0.488077,131.523,2.52207,2.37873,3.28807,0.480123,116.078,0.5295,2.9667,7.7037,93.3248,0.0203
97150.2,8.25525,13450,12050,13450,12050,186.317,3,0.516452,121.135,3.36207,3.22668,3.02837,0.508768,110.532,0.4418,2.8549,7.5735,86.8984,0.0514
97266.7,8.57904,13450,12050,13450,12050,185.855,3,0.430532,116.563,4.20207,4.04262,2.91408,0.521911,106.02,0.4526,3.1303,7.5569,83.6565,0.0247
97385.6,8.41237,13450,12050,13450,12050,185.386,3,0.402348,118.873,5.04207,4.87473,2.97182,0.51523,107.416,0.4641,2.8421,7.8425,84.5914,0.0293
97504.5,8.4114,13450,12050,13450,12050,184.92,3,0.374505,118.886,5.88207,5.70693,2.97216,0.515191,106.612,0.6475,2.8505,7.529,84.3154,0.0273
97635.8,7.61269,13450,12050,13450,12050,184.407,3,0.658495,131.36,0.722071,0.62645,3.28399,0.480561,119.272,0.5058,3.1411,9.3584,94.0036,0.0377
97752.6,8.56505,13450,12050,13450,12050,183.954,3,0.577335,116.754,1.56207,1.44372,2.91884,0.521357,107.027,0.4312,2.9565,7.5732,84.6999,0.0297
97871.5,8.4073,13450,12050,13450,12050,183.494,3,0.550942,118.944,2.40207,2.27634,2.97361,0.515024,108.013,0.4664,2.857,7.7271,85.5852,0.02
97988.1,8.57929,13450,12050,13450,12050,183.046,3,0.464935,116.56,3.24207,3.09225,2.91399,0.521921,106.033,0.4533,2.9323,7.5678,83.7157,0.0269
98106.1,8.47624,13450,12050,13450,12050,182.595,3,0.414355,117.977,4.08207,3.91809,2.94942,0.517811,106.849,0.6021,2.8547,7.6692,83.8047,0.0229
98233.3,7.86322,13450,12050,13450,12050,182.111,3,0.593713,127.174,4.92207,4.80831,3.17936,0.491913,114.807,0.4632,2.8958,8.0278,92.1797,0.0232
98364.7,7.6075,13450,12050,13450,12050,181.613,3,0.879942,131.449,5.76207,5.72846,3.28623,0.480321,108.046,0.4844,2.9442,7.8617,84.3662,0.0289
98490.3,7.9611,13450,12050,13450,12050,181.14,4,0.0202125,125.611,0.882073,0.607732,3.14027,0.496222,112.511,0.4571,4.5058,8.7306,87.3293,0.0236
98618.9,7.77578,13450,12050,13450,12050,180.658,3,0.235325,128.605,1.72207,1.50796,3.21511,0.488004,115.489,0.4589,2.889,7.7599,93.0904,0.025
98735.2,8.59675,13450,12050,13450,12050,180.225,3,0.1434,116.323,2.56207,2.32222,2.90808,0.522611,105.789,0.4598,2.8464,7.6083,83.6725,0.0258
98852.2,8.54936,13450,12050,13450,12050,179.791,3,0.067595,116.968,3.40207,3.141,2.9242,0.520734,106.239,0.4476,2.9768,7.7124,83.7642,0.0241
98976.6,8.03851,13450,12050,13450,12050,179.332,3,0.177625,124.401,4.24207,4.01181,3.11003,0.499582,112.602,0.508,2.8609,7.623,88.8935,0.0246
99099.2,8.15691,13450,12050,13450,12050,178.882,3,0.242512,122.595,5.08207,4.86998,3.06489,0.50464,108.739,0.5758,3.2627,8.056,84.71,0.0249
99259.9,6.22503,13450,12050,13450,12050,178.295,4,0.25856,160.642,0.202074,0.202074,4.01605,0.408136,146.845,0.566,3.4429,9.4982,116.885,0.0347
99420.2,6.23568,13450,12050,13450,12050,177.714,4,0.267745,160.367,1.32207,1.11704,4.00918,0.408761,138.704,0.4917,3.9581,13.173,109.625,0.0303
99540.3,8.32818,13450,12050,13450,12050,177.281,3,0.269603,120.074,2.16207,1.95756,3.00186,0.511788,106.045,0.4529,2.9969,7.5403,83.597,0.0275
99657.5,8.5316,13450,12050,13450,12050,176.86,3,0.199885,117.211,3.00207,2.77804,2.93028,0.520027,106.528,0.4656,2.848,7.7053,84.051,0.0235
99778,8.30021,13450,12050,13450,12050,176.43,3,0.211857,120.479,3.84207,3.62139,3.01197,0.510634,109.009,0.5062,2.9145,7.6191,86.5667,0.023
99923.5,6.87329,13450,12050,13450,12050,175.913,3,0.849127,145.491,4.68207,4.63983,3.63727,0.444132,112.798,0.5029,2.922,7.7758,90.16,0.0243
100048,8.06047,13450,12050,13450,12050,175.475,3,0.950683,124.062,5.52208,5.50827,3.10156,0.500528,111.481,0.4648,2.9839,7.6886,88.9616,0.0253
100177,7.73824,13450,12050,13450,12050,175.021,4,0.18139,129.228,0.642076,0.412865,3.23071,0.486309,118.016,0.4446,2.8747,7.9082,95.0778,0.0927
100302,8.01325,13450,12050,13450,12050,174.584,3,0.301223,124.793,1.48208,1.28642,3.11983,0.498491,111.128,0.4468,3.2456,8.554,87.0075,0.1027
100419,8.53212,13450,12050,13450,12050,174.176,3,0.231325,117.204,2.32208,2.10685,2.9301,0.520048,107.167,0.4573,2.8885,7.5742,84.4819,0.078
100539,8.28827,13450,12050,13450,12050,173.758,3,0.247635,120.652,3.16208,2.95141,3.01631,0.51014,109.606,0.4582,2.8682,7.9716,85.1285,0.0997
100657,8.46861,13450,12050,13450,12050,173.351,3,0.199712,118.083,4.00208,3.778,2.95208,0.517505,107.384,0.486,2.8481,7.7172,84.5011,0.0925
100777,8.37413,13450,12050,13450,12050,172.941,3,0.185098,119.415,4.84208,4.6139,2.98538,0.513673,106.93,0.6058,2.8547,7.5557,84.403,0.0871
100897,8.3161,13450,12050,13450,12050,172.531,3,0.191315,120.249,5.68208,5.45565,3.00622,0.51129,108.511,0.4579,2.8927,7.6917,85.5384,0.1156
101024,7.88856,13450,12050,13450,12050,172.1,3,0.36046,126.766,0.522077,0.343006,3.16915,0.493035,114.355,0.483,2.8484,7.8842,90.4995,0.1981
101152,7.77972,13450,12050,13450,12050,171.665,3,0.573942,128.539,1.36208,1.24278,3.21348,0.488182,116.097,0.4529,3.1508,8.142,92.1152,0.1068
101272,8.38825,13450,12050,13450,12050,171.264,3,0.554303,119.214,2.20208,2.07728,2.98036,0.514249,109.134,0.4355,3.1142,7.7849,86.0327,0.0833
101412,7.12975,13450,12050,13450,12050,170.794,4,0.0607375,140.257,3.32208,3.05908,3.50643,0.45729,117.639,0.4563,3.0319,8.0815,90.3027,0.1391
101535,8.09888,13450,12050,13450,12050,170.383,3,0.147583,123.474,4.16208,3.9234,3.08684,0.502174,107.629,0.4495,3.0502,7.7332,84.3407,0.0282
101658,8.15143,13450,12050,13450,12050,169.977,3,0.214528,122.678,5.00208,4.78215,3.06695,0.504408,110.373,0.4475,2.9176,7.7347,86.8676,0.139
101780,8.23064,13450,12050,13450,12050,169.576,3,0.25196,121.497,5.84208,5.63263,3.03743,0.507741,108.875,0.5002,2.9358,7.9722,85.6066,0.1168
101904,8.01445,13450,12050,13450,12050,169.166,3,0.371327,124.775,0.682078,0.50605,3.11937,0.498542,112.854,0.4939,2.9836,7.852,89.5364,0.0817
102022,8.47982,13450,12050,13450,12050,168.781,3,0.319503,117.927,1.52208,1.33154,2.94817,0.517955,107.356,0.4431,2.8718,7.6592,84.5727,0.0958
102174,6.57519,13450,12050,13450,12050,168.286,4,0.121675,152.087,2.64208,2.39615,3.80217,0.428086,141.982,0.5077,2.8724,7.5767,115.561,0.1681
102320,6.85816,13450,12050,13450,12050,167.815,3,0.766965,145.812,3.48208,3.41683,3.64529,0.443338,125.822,0.6263,4.3892,9.6437,98.6378,0.1182
102457,7.31777,13450,12050,13450,12050,167.376,4,0.183305,136.654,4.60208,4.3734,3.41634,0.466576,125.07,0.4534,2.8986,7.7051,100.188,0.1412
102595,7.23594,13450,12050,13450,12050,166.934,3,0.63828,138.199,5.44208,5.3408,3.45497,0.462571,119.757,0.459,3.1905,8.5134,95.0994,0.1066
102726,7.64531,13450,12050,13450,12050,166.517,3,0.90826,130.799,0.28208,0.256393,3.26998,0.482066,117.711,0.4867,2.8537,7.759,94.5282,0.141
102859,7.49976,13450,12050,13450,12050,166.095,4,0.2417,133.338,1.40208,1.18976,3.33344,0.475287,110.144,0.5052,2.8386,7.9332,87.1654,0.0841
102986,7.87467,13450,12050,13450,12050,165.695,3,0.416435,126.989,2.24208,2.07868,3.17474,0.492421,108.205,0.5028,2.9597,7.6737,84.3703,0.099
103103,8.53612,13450,12050,13450,12050,165.328,3,0.345165,117.149,3.08208,2.89873,2.92873,0.520208,107.69,0.5512,2.9897,7.7507,84.7609,0.0915
103244,7.11206,13450,12050,13450,12050,164.889,3,0.86032,140.606,3.92208,3.88297,3.51516,0.456401,129.18,0.4859,3.1612,8.1582,105.46,0.0255
103370,7.94031,13450,12050,13450,12050,164.498,4,0.0088125,125.94,5.04208,4.76455,3.14849,0.495313,114.484,0.4648,2.8584,7.6838,91.752,0.0228
105327,0.510828,13450,12050,13450,12050,158.651,5,0,1957.61,0.442081,0.162081,6.25,0.247921,108.173,0.4613,2.9983,8.6984,84.5743,0.0208
